"Formula ID","Block","Dependency Type","Dependency ID","Dependency Name","Role","Output / Next","Data Readiness"
"SYS-001","System Helpers","Output","SYS-001","Numeric value fallback","Calculated result","Normalized values used by all formula blocks","Test Assumption"
"SYS-002","System Helpers","Variable","VAR-001","rounding","Input","Normalized values used by all formula blocks","Ready"
"SYS-002","System Helpers","Output","SYS-002","Money rounding","Calculated result","Normalized values used by all formula blocks","Ready"
"SYS-003","System Helpers","Variable","VAR-001","rounding","Input","Normalized values used by all formula blocks","Test Assumption"
"SYS-003","System Helpers","Variable","VAR-TBE-001","roundingIncrement","Input","Normalized values used by all formula blocks","Test Assumption"
"SYS-003","System Helpers","Output","SYS-003","Final price rounding","Calculated result","Normalized values used by all formula blocks","Test Assumption"
"RTE-001","Route / Distance","Reference","REF-TBE-001","ZIP Dictionary","Input","Pickup zone, delivery zone, route support, pickup/delivery/interstate distances","Test Assumption"
"RTE-001","Route / Distance","Reference","REF-006","Distance Matrix","Input","Pickup zone, delivery zone, route support, pickup/delivery/interstate distances","Test Assumption"
"RTE-001","Route / Distance","Output","RTE-001","Pickup Zone","Calculated result","Pickup zone, delivery zone, route support, pickup/delivery/interstate distances","Test Assumption"
"RTE-002","Route / Distance","Reference","REF-TBE-001","ZIP Dictionary","Input","Pickup zone, delivery zone, route support, pickup/delivery/interstate distances","Test Assumption"
"RTE-002","Route / Distance","Reference","REF-006","Distance Matrix","Input","Pickup zone, delivery zone, route support, pickup/delivery/interstate distances","Test Assumption"
"RTE-002","Route / Distance","Output","RTE-002","Delivery Zone","Calculated result","Pickup zone, delivery zone, route support, pickup/delivery/interstate distances","Test Assumption"
"RTE-003","Route / Distance","Reference","REF-TBE-001","ZIP Dictionary","Input","Pickup zone, delivery zone, route support, pickup/delivery/interstate distances","Test Assumption"
"RTE-003","Route / Distance","Reference","REF-006","Distance Matrix","Input","Pickup zone, delivery zone, route support, pickup/delivery/interstate distances","Test Assumption"
"RTE-003","Route / Distance","Output","RTE-003","Interstate Distance","Calculated result","Pickup zone, delivery zone, route support, pickup/delivery/interstate distances","Test Assumption"
"RTE-004","Route / Distance","Reference","REF-TBE-001","ZIP Dictionary","Input","Pickup zone, delivery zone, route support, pickup/delivery/interstate distances","Test Assumption"
"RTE-004","Route / Distance","Reference","REF-006","Distance Matrix","Input","Pickup zone, delivery zone, route support, pickup/delivery/interstate distances","Test Assumption"
"RTE-004","Route / Distance","Reference","REF-TBE-005","Labor","Input","Pickup zone, delivery zone, route support, pickup/delivery/interstate distances","Test Assumption"
"RTE-004","Route / Distance","Output","RTE-004","Pickup Local Distance","Calculated result","Pickup zone, delivery zone, route support, pickup/delivery/interstate distances","Test Assumption"
"RTE-005","Route / Distance","Reference","REF-TBE-001","ZIP Dictionary","Input","Pickup zone, delivery zone, route support, pickup/delivery/interstate distances","Test Assumption"
"RTE-005","Route / Distance","Reference","REF-006","Distance Matrix","Input","Pickup zone, delivery zone, route support, pickup/delivery/interstate distances","Test Assumption"
"RTE-005","Route / Distance","Reference","REF-TBE-005","Labor","Input","Pickup zone, delivery zone, route support, pickup/delivery/interstate distances","Test Assumption"
"RTE-005","Route / Distance","Output","RTE-005","Delivery Local Distance","Calculated result","Pickup zone, delivery zone, route support, pickup/delivery/interstate distances","Test Assumption"
"ITM-001","Item Calculations","Reference","REF-001","Quote Draft item row","Input","Billable items, physical volume, effective volume, total weight, warning, crew need","Ready"
"ITM-001","Item Calculations","Reference","REF-002","Quick Quote catalog transfer","Input","Billable items, physical volume, effective volume, total weight, warning, crew need","Ready"
"ITM-001","Item Calculations","Reference","REF-003","Item Catalog","Input","Billable items, physical volume, effective volume, total weight, warning, crew need","Ready"
"ITM-001","Item Calculations","Output","ITM-001","Billable Item","Calculated result","Billable items, physical volume, effective volume, total weight, warning, crew need","Ready"
"ITM-002","Item Calculations","Reference","REF-001","Quote Draft item row","Input","Billable items, physical volume, effective volume, total weight, warning, crew need","Ready"
"ITM-002","Item Calculations","Reference","REF-002","Quick Quote catalog transfer","Input","Billable items, physical volume, effective volume, total weight, warning, crew need","Ready"
"ITM-002","Item Calculations","Reference","REF-003","Item Catalog","Input","Billable items, physical volume, effective volume, total weight, warning, crew need","Ready"
"ITM-002","Item Calculations","Output","ITM-002","Physical Volume","Calculated result","Billable items, physical volume, effective volume, total weight, warning, crew need","Ready"
"ITM-003","Item Calculations","Reference","REF-001","Quote Draft item row","Input","Billable items, physical volume, effective volume, total weight, warning, crew need","Ready"
"ITM-003","Item Calculations","Reference","REF-002","Quick Quote catalog transfer","Input","Billable items, physical volume, effective volume, total weight, warning, crew need","Ready"
"ITM-003","Item Calculations","Reference","REF-003","Item Catalog","Input","Billable items, physical volume, effective volume, total weight, warning, crew need","Ready"
"ITM-003","Item Calculations","Output","ITM-003","Total Shipment Volume","Calculated result","Billable items, physical volume, effective volume, total weight, warning, crew need","Ready"
"ITM-004","Item Calculations","Reference","REF-001","Quote Draft item row","Input","Billable items, physical volume, effective volume, total weight, warning, crew need","Test Assumption"
"ITM-004","Item Calculations","Reference","REF-002","Quick Quote catalog transfer","Input","Billable items, physical volume, effective volume, total weight, warning, crew need","Test Assumption"
"ITM-004","Item Calculations","Reference","REF-003","Item Catalog","Input","Billable items, physical volume, effective volume, total weight, warning, crew need","Test Assumption"
"ITM-004","Item Calculations","Output","ITM-004","Effective Volume Multiplier","Calculated result","Billable items, physical volume, effective volume, total weight, warning, crew need","Test Assumption"
"ITM-005","Item Calculations","Reference","REF-001","Quote Draft item row","Input","Billable items, physical volume, effective volume, total weight, warning, crew need","Ready"
"ITM-005","Item Calculations","Reference","REF-002","Quick Quote catalog transfer","Input","Billable items, physical volume, effective volume, total weight, warning, crew need","Ready"
"ITM-005","Item Calculations","Reference","REF-003","Item Catalog","Input","Billable items, physical volume, effective volume, total weight, warning, crew need","Ready"
"ITM-005","Item Calculations","Output","ITM-005","Effective Volume","Calculated result","Billable items, physical volume, effective volume, total weight, warning, crew need","Ready"
"ITM-006","Item Calculations","Reference","REF-001","Quote Draft item row","Input","Billable items, physical volume, effective volume, total weight, warning, crew need","Ready"
"ITM-006","Item Calculations","Reference","REF-002","Quick Quote catalog transfer","Input","Billable items, physical volume, effective volume, total weight, warning, crew need","Ready"
"ITM-006","Item Calculations","Reference","REF-003","Item Catalog","Input","Billable items, physical volume, effective volume, total weight, warning, crew need","Ready"
"ITM-006","Item Calculations","Output","ITM-006","Total Effective Volume","Calculated result","Billable items, physical volume, effective volume, total weight, warning, crew need","Ready"
"ITM-007","Item Calculations","Reference","REF-001","Quote Draft item row","Input","Billable items, physical volume, effective volume, total weight, warning, crew need","Ready"
"ITM-007","Item Calculations","Reference","REF-002","Quick Quote catalog transfer","Input","Billable items, physical volume, effective volume, total weight, warning, crew need","Ready"
"ITM-007","Item Calculations","Reference","REF-003","Item Catalog","Input","Billable items, physical volume, effective volume, total weight, warning, crew need","Ready"
"ITM-007","Item Calculations","Output","ITM-007","Item Total Weight","Calculated result","Billable items, physical volume, effective volume, total weight, warning, crew need","Ready"
"ITM-008","Item Calculations","Reference","REF-001","Quote Draft item row","Input","Billable items, physical volume, effective volume, total weight, warning, crew need","Ready"
"ITM-008","Item Calculations","Reference","REF-002","Quick Quote catalog transfer","Input","Billable items, physical volume, effective volume, total weight, warning, crew need","Ready"
"ITM-008","Item Calculations","Reference","REF-003","Item Catalog","Input","Billable items, physical volume, effective volume, total weight, warning, crew need","Ready"
"ITM-008","Item Calculations","Output","ITM-008","Total Shipment Weight","Calculated result","Billable items, physical volume, effective volume, total weight, warning, crew need","Ready"
"ITM-009","Item Calculations","Reference","REF-001","Quote Draft item row","Input","Billable items, physical volume, effective volume, total weight, warning, crew need","Ready"
"ITM-009","Item Calculations","Reference","REF-002","Quick Quote catalog transfer","Input","Billable items, physical volume, effective volume, total weight, warning, crew need","Ready"
"ITM-009","Item Calculations","Reference","REF-003","Item Catalog","Input","Billable items, physical volume, effective volume, total weight, warning, crew need","Ready"
"ITM-009","Item Calculations","Output","ITM-009","Missing Weight Warning","Calculated result","Billable items, physical volume, effective volume, total weight, warning, crew need","Ready"
"ITM-010","Item Calculations","Reference","REF-001","Quote Draft item row","Input","Billable items, physical volume, effective volume, total weight, warning, crew need","Ready"
"ITM-010","Item Calculations","Reference","REF-002","Quick Quote catalog transfer","Input","Billable items, physical volume, effective volume, total weight, warning, crew need","Ready"
"ITM-010","Item Calculations","Reference","REF-003","Item Catalog","Input","Billable items, physical volume, effective volume, total weight, warning, crew need","Ready"
"ITM-010","Item Calculations","Output","ITM-010","Heavy Item Warning","Calculated result","Billable items, physical volume, effective volume, total weight, warning, crew need","Ready"
"ITM-011","Item Calculations","Reference","REF-001","Quote Draft item row","Input","Billable items, physical volume, effective volume, total weight, warning, crew need","Test Assumption"
"ITM-011","Item Calculations","Reference","REF-002","Quick Quote catalog transfer","Input","Billable items, physical volume, effective volume, total weight, warning, crew need","Test Assumption"
"ITM-011","Item Calculations","Reference","REF-003","Item Catalog","Input","Billable items, physical volume, effective volume, total weight, warning, crew need","Test Assumption"
"ITM-011","Item Calculations","Reference","REF-TBE-005","Labor","Input","Billable items, physical volume, effective volume, total weight, warning, crew need","Test Assumption"
"ITM-011","Item Calculations","Output","ITM-011","Two-Person Weight Warning","Calculated result","Billable items, physical volume, effective volume, total weight, warning, crew need","Test Assumption"
"ITM-012","Item Calculations","Reference","REF-001","Quote Draft item row","Input","Billable items, physical volume, effective volume, total weight, warning, crew need","Test Assumption"
"ITM-012","Item Calculations","Reference","REF-002","Quick Quote catalog transfer","Input","Billable items, physical volume, effective volume, total weight, warning, crew need","Test Assumption"
"ITM-012","Item Calculations","Reference","REF-003","Item Catalog","Input","Billable items, physical volume, effective volume, total weight, warning, crew need","Test Assumption"
"ITM-012","Item Calculations","Reference","REF-TBE-005","Labor","Input","Billable items, physical volume, effective volume, total weight, warning, crew need","Test Assumption"
"ITM-012","Item Calculations","Output","ITM-012","Bulky Dimension Warning","Calculated result","Billable items, physical volume, effective volume, total weight, warning, crew need","Test Assumption"
"ITM-013","Item Calculations","Reference","REF-001","Quote Draft item row","Input","Billable items, physical volume, effective volume, total weight, warning, crew need","Test Assumption"
"ITM-013","Item Calculations","Reference","REF-002","Quick Quote catalog transfer","Input","Billable items, physical volume, effective volume, total weight, warning, crew need","Test Assumption"
"ITM-013","Item Calculations","Reference","REF-003","Item Catalog","Input","Billable items, physical volume, effective volume, total weight, warning, crew need","Test Assumption"
"ITM-013","Item Calculations","Reference","REF-TBE-005","Labor","Input","Billable items, physical volume, effective volume, total weight, warning, crew need","Test Assumption"
"ITM-013","Item Calculations","Output","ITM-013","Item Crew Need","Calculated result","Billable items, physical volume, effective volume, total weight, warning, crew need","Test Assumption"
"VEH-001","Vehicle Fit","Reference","REF-TBE-004","Vehicles","Input","Selected vehicle and interstate vehicle used by stage costs","Ready"
"VEH-001","Vehicle Fit","Output","VEH-001","Vehicle Fit","Calculated result","Selected vehicle and interstate vehicle used by stage costs","Ready"
"VEH-002","Vehicle Fit","Variable","VAR-027","interstateVehicleName","Input","Selected vehicle and interstate vehicle used by stage costs","Ready"
"VEH-002","Vehicle Fit","Reference","REF-TBE-004","Vehicles","Input","Selected vehicle and interstate vehicle used by stage costs","Ready"
"VEH-002","Vehicle Fit","Output","VEH-002","Interstate Vehicle","Calculated result","Selected vehicle and interstate vehicle used by stage costs","Ready"
"PKG-001","Packaging","Variable","VAR-030","packagingRates","Input","Item packaging cost and packaging display total","Ready"
"PKG-001","Packaging","Reference","REF-003","Item Catalog","Input","Item packaging cost and packaging display total","Ready"
"PKG-001","Packaging","Reference","REF-009","Packaging Rates","Input","Item packaging cost and packaging display total","Ready"
"PKG-001","Packaging","Output","PKG-001","Packaging Cost Per Item","Calculated result","Item packaging cost and packaging display total","Ready"
"PKG-002","Packaging","Variable","VAR-007","packagingPerShipment","Input","Item packaging cost and packaging display total","Ready"
"PKG-002","Packaging","Variable","VAR-030","packagingRates","Input","Item packaging cost and packaging display total","Ready"
"PKG-002","Packaging","Reference","REF-003","Item Catalog","Input","Item packaging cost and packaging display total","Ready"
"PKG-002","Packaging","Reference","REF-009","Packaging Rates","Input","Item packaging cost and packaging display total","Ready"
"PKG-002","Packaging","Output","PKG-002","Packaging Total Display","Calculated result","Item packaging cost and packaging display total","Ready"
"PROT-001","Protection Plan","Reference","REF-TBE-008","Protection Plans","Input","Insurance/protection cost and customer-facing protection status","Test Assumption"
"PROT-001","Protection Plan","Output","PROT-001","Protection Legacy Type","Calculated result","Insurance/protection cost and customer-facing protection status","Test Assumption"
"PROT-002","Protection Plan","Reference","REF-TBE-008","Protection Plans","Input","Insurance/protection cost and customer-facing protection status","Test Assumption"
"PROT-002","Protection Plan","Output","PROT-002","RV Protection Cost","Calculated result","Insurance/protection cost and customer-facing protection status","Test Assumption"
"PROT-003","Protection Plan","Reference","REF-TBE-008","Protection Plans","Input","Insurance/protection cost and customer-facing protection status","Test Assumption"
"PROT-003","Protection Plan","Output","PROT-003","FVP Protection Cost","Calculated result","Insurance/protection cost and customer-facing protection status","Test Assumption"
"PROT-004","Protection Plan","Reference","REF-TBE-008","Protection Plans","Input","Insurance/protection cost and customer-facing protection status","Test Assumption"
"PROT-004","Protection Plan","Output","PROT-004","DV Price Impact","Calculated result","Insurance/protection cost and customer-facing protection status","Test Assumption"
"STO-001","Storage","Variable","VAR-006","storagePerCuFtPerDay","Input","Storage cost included in additional charges","Test Assumption"
"STO-001","Storage","Variable","VAR-TBE-012","storageRate","Input","Storage cost included in additional charges","Test Assumption"
"STO-001","Storage","Output","STO-001","Storage Cost","Calculated result","Storage cost included in additional charges","Test Assumption"
"FUEL-001","Fuel","Reference","REF-007","Vehicles Reference","Input","Fuel cost per mile and per unit mile","Test Assumption"
"FUEL-001","Fuel","Reference","REF-008","Fuel Prices Reference","Input","Fuel cost per mile and per unit mile","Test Assumption"
"FUEL-001","Fuel","Reference","REF-TBE-004","Vehicles","Input","Fuel cost per mile and per unit mile","Test Assumption"
"FUEL-001","Fuel","Output","FUEL-001","Internal Fuel Price","Calculated result","Fuel cost per mile and per unit mile","Test Assumption"
"FUEL-002","Fuel","Reference","REF-007","Vehicles Reference","Input","Fuel cost per mile and per unit mile","Test Assumption"
"FUEL-002","Fuel","Reference","REF-008","Fuel Prices Reference","Input","Fuel cost per mile and per unit mile","Test Assumption"
"FUEL-002","Fuel","Reference","REF-TBE-004","Vehicles","Input","Fuel cost per mile and per unit mile","Test Assumption"
"FUEL-002","Fuel","Output","FUEL-002","Fuel Cost Per Mile","Calculated result","Fuel cost per mile and per unit mile","Test Assumption"
"FUEL-003","Fuel","Reference","REF-007","Vehicles Reference","Input","Fuel cost per mile and per unit mile","Test Assumption"
"FUEL-003","Fuel","Reference","REF-008","Fuel Prices Reference","Input","Fuel cost per mile and per unit mile","Test Assumption"
"FUEL-003","Fuel","Reference","REF-TBE-004","Vehicles","Input","Fuel cost per mile and per unit mile","Test Assumption"
"FUEL-003","Fuel","Output","FUEL-003","Fuel Cost Per Unit Mile","Calculated result","Fuel cost per mile and per unit mile","Test Assumption"
"PICK-001","Pickup Stage","Reference","REF-TBE-005","Labor","Input","Pickup labor, mileage, handling, management/dispatch, pickup subtotal","Test Assumption"
"PICK-001","Pickup Stage","Output","PICK-001","Pickup Loading Minutes - Volume","Calculated result","Pickup labor, mileage, handling, management/dispatch, pickup subtotal","Test Assumption"
"PICK-002","Pickup Stage","Reference","REF-TBE-005","Labor","Input","Pickup labor, mileage, handling, management/dispatch, pickup subtotal","Test Assumption"
"PICK-002","Pickup Stage","Output","PICK-002","Pickup Loading Minutes - Weight","Calculated result","Pickup labor, mileage, handling, management/dispatch, pickup subtotal","Test Assumption"
"DEL-001","Delivery Stage","Variable","VAR-012","unloadingPerCuFtMinute","Input","Delivery labor, mileage, handling, management/dispatch, delivery subtotal","Test Assumption"
"DEL-001","Delivery Stage","Reference","REF-TBE-005","Labor","Input","Delivery labor, mileage, handling, management/dispatch, delivery subtotal","Test Assumption"
"DEL-001","Delivery Stage","Output","DEL-001","Delivery Unloading Minutes - Volume","Calculated result","Delivery labor, mileage, handling, management/dispatch, delivery subtotal","Test Assumption"
"DEL-002","Delivery Stage","Reference","REF-TBE-005","Labor","Input","Delivery labor, mileage, handling, management/dispatch, delivery subtotal","Test Assumption"
"DEL-002","Delivery Stage","Output","DEL-002","Delivery Unloading Minutes - Weight","Calculated result","Delivery labor, mileage, handling, management/dispatch, delivery subtotal","Test Assumption"
"PICK-003","Pickup Stage","Variable","VAR-015","wagePerMinute","Input","Pickup labor, mileage, handling, management/dispatch, pickup subtotal","Test Assumption"
"PICK-003","Pickup Stage","Variable","VAR-016","pickupWagePerMile","Input","Pickup labor, mileage, handling, management/dispatch, pickup subtotal","Test Assumption"
"PICK-003","Pickup Stage","Reference","REF-TBE-005","Labor","Input","Pickup labor, mileage, handling, management/dispatch, pickup subtotal","Test Assumption"
"PICK-003","Pickup Stage","Output","PICK-003","Pickup Labor Cost","Calculated result","Pickup labor, mileage, handling, management/dispatch, pickup subtotal","Test Assumption"
"DEL-003","Delivery Stage","Variable","VAR-014","minLoadingMinutes","Input","Delivery labor, mileage, handling, management/dispatch, delivery subtotal","Test Assumption"
"DEL-003","Delivery Stage","Variable","VAR-015","wagePerMinute","Input","Delivery labor, mileage, handling, management/dispatch, delivery subtotal","Test Assumption"
"DEL-003","Delivery Stage","Variable","VAR-016","pickupWagePerMile","Input","Delivery labor, mileage, handling, management/dispatch, delivery subtotal","Test Assumption"
"DEL-003","Delivery Stage","Reference","REF-TBE-005","Labor","Input","Delivery labor, mileage, handling, management/dispatch, delivery subtotal","Test Assumption"
"DEL-003","Delivery Stage","Output","DEL-003","Delivery Labor Cost","Calculated result","Delivery labor, mileage, handling, management/dispatch, delivery subtotal","Test Assumption"
"PICK-004","Pickup Stage","Reference","REF-TBE-005","Labor","Input","Pickup labor, mileage, handling, management/dispatch, pickup subtotal","Test Assumption"
"PICK-004","Pickup Stage","Output","PICK-004","Pickup Mileage Cost","Calculated result","Pickup labor, mileage, handling, management/dispatch, pickup subtotal","Test Assumption"
"DEL-004","Delivery Stage","Reference","REF-TBE-005","Labor","Input","Delivery labor, mileage, handling, management/dispatch, delivery subtotal","Test Assumption"
"DEL-004","Delivery Stage","Output","DEL-004","Delivery Mileage Cost","Calculated result","Delivery labor, mileage, handling, management/dispatch, delivery subtotal","Test Assumption"
"PICK-005","Pickup Stage","Variable","VAR-007","packagingPerShipment","Input","Pickup labor, mileage, handling, management/dispatch, pickup subtotal","Test Assumption"
"PICK-005","Pickup Stage","Reference","REF-TBE-005","Labor","Input","Pickup labor, mileage, handling, management/dispatch, pickup subtotal","Test Assumption"
"PICK-005","Pickup Stage","Output","PICK-005","Pickup Handling Cost","Calculated result","Pickup labor, mileage, handling, management/dispatch, pickup subtotal","Test Assumption"
"DEL-005","Delivery Stage","Reference","REF-TBE-005","Labor","Input","Delivery labor, mileage, handling, management/dispatch, delivery subtotal","Test Assumption"
"DEL-005","Delivery Stage","Output","DEL-005","Delivery Handling Cost","Calculated result","Delivery labor, mileage, handling, management/dispatch, delivery subtotal","Test Assumption"
"PICK-006","Pickup Stage","Variable","VAR-TBE-014","managementFee","Input","Pickup labor, mileage, handling, management/dispatch, pickup subtotal","Test Assumption"
"PICK-006","Pickup Stage","Variable","VAR-019","dispatchFee","Input","Pickup labor, mileage, handling, management/dispatch, pickup subtotal","Test Assumption"
"PICK-006","Pickup Stage","Reference","REF-TBE-005","Labor","Input","Pickup labor, mileage, handling, management/dispatch, pickup subtotal","Test Assumption"
"PICK-006","Pickup Stage","Output","PICK-006","Pickup Management / Dispatch","Calculated result","Pickup labor, mileage, handling, management/dispatch, pickup subtotal","Test Assumption"
"DEL-006","Delivery Stage","Variable","VAR-TBE-014","managementFee","Input","Delivery labor, mileage, handling, management/dispatch, delivery subtotal","Test Assumption"
"DEL-006","Delivery Stage","Variable","VAR-019","dispatchFee","Input","Delivery labor, mileage, handling, management/dispatch, delivery subtotal","Test Assumption"
"DEL-006","Delivery Stage","Reference","REF-TBE-005","Labor","Input","Delivery labor, mileage, handling, management/dispatch, delivery subtotal","Test Assumption"
"DEL-006","Delivery Stage","Output","DEL-006","Delivery Management / Dispatch","Calculated result","Delivery labor, mileage, handling, management/dispatch, delivery subtotal","Test Assumption"
"PICK-007","Pickup Stage","Variable","VAR-TBE-014","managementFee","Input","Pickup labor, mileage, handling, management/dispatch, pickup subtotal","Test Assumption"
"PICK-007","Pickup Stage","Variable","VAR-019","dispatchFee","Input","Pickup labor, mileage, handling, management/dispatch, pickup subtotal","Test Assumption"
"PICK-007","Pickup Stage","Reference","REF-TBE-005","Labor","Input","Pickup labor, mileage, handling, management/dispatch, pickup subtotal","Test Assumption"
"PICK-007","Pickup Stage","Output","PICK-007","Pickup Cost","Calculated result","Pickup labor, mileage, handling, management/dispatch, pickup subtotal","Test Assumption"
"DEL-007","Delivery Stage","Variable","VAR-TBE-014","managementFee","Input","Delivery labor, mileage, handling, management/dispatch, delivery subtotal","Test Assumption"
"DEL-007","Delivery Stage","Variable","VAR-019","dispatchFee","Input","Delivery labor, mileage, handling, management/dispatch, delivery subtotal","Test Assumption"
"DEL-007","Delivery Stage","Reference","REF-TBE-005","Labor","Input","Delivery labor, mileage, handling, management/dispatch, delivery subtotal","Test Assumption"
"DEL-007","Delivery Stage","Output","DEL-007","Delivery Cost","Calculated result","Delivery labor, mileage, handling, management/dispatch, delivery subtotal","Test Assumption"
"INT-001","Interstate Stage","Output","INT-001","Interstate Maintenance","Calculated result","Interstate fuel, maintenance, driver, interstate subtotal","Test Assumption"
"INT-002","Interstate Stage","Output","INT-002","Interstate Fuel","Calculated result","Interstate fuel, maintenance, driver, interstate subtotal","Test Assumption"
"INT-003","Interstate Stage","Variable","VAR-017","interstateDriverCostPerMile","Input","Interstate fuel, maintenance, driver, interstate subtotal","Test Assumption"
"INT-003","Interstate Stage","Output","INT-003","Interstate Driver","Calculated result","Interstate fuel, maintenance, driver, interstate subtotal","Test Assumption"
"INT-004","Interstate Stage","Output","INT-004","Interstate Cost","Calculated result","Interstate fuel, maintenance, driver, interstate subtotal","Test Assumption"
"FINAL-001","Final Total","Variable","VAR-001","rounding","Input","Raw price, margin display, final customer price, item allocation","Ready"
"FINAL-001","Final Total","Variable","VAR-002","repairCostPerCuFt","Input","Raw price, margin display, final customer price, item allocation","Ready"
"FINAL-001","Final Total","Variable","VAR-003","repairCostPerLb","Input","Raw price, margin display, final customer price, item allocation","Ready"
"FINAL-001","Final Total","Output","FINAL-001","Damage Surcharge","Calculated result","Raw price, margin display, final customer price, item allocation","Ready"
"FINAL-002","Final Total","Variable","VAR-001","rounding","Input","Raw price, margin display, final customer price, item allocation","Ready"
"FINAL-002","Final Total","Output","FINAL-002","Service Cost","Calculated result","Raw price, margin display, final customer price, item allocation","Ready"
"FINAL-003","Final Total","Variable","VAR-001","rounding","Input","Raw price, margin display, final customer price, item allocation","Test Assumption"
"FINAL-003","Final Total","Variable","VAR-TBE-002","marginRate","Input","Raw price, margin display, final customer price, item allocation","Test Assumption"
"FINAL-003","Final Total","Output","FINAL-003","Stage Margin","Calculated result","Raw price, margin display, final customer price, item allocation","Test Assumption"
"FINAL-004","Final Total","Variable","VAR-001","rounding","Input","Raw price, margin display, final customer price, item allocation","Ready"
"FINAL-004","Final Total","Output","FINAL-004","Price Excluding Broker Fee","Calculated result","Raw price, margin display, final customer price, item allocation","Ready"
"FINAL-005","Final Total","Variable","VAR-001","rounding","Input","Raw price, margin display, final customer price, item allocation","Test Assumption"
"FINAL-005","Final Total","Variable","VAR-TBE-003","brokerFeeRate","Input","Raw price, margin display, final customer price, item allocation","Test Assumption"
"FINAL-005","Final Total","Output","FINAL-005","Brokered Price","Calculated result","Raw price, margin display, final customer price, item allocation","Test Assumption"
"FINAL-006","Final Total","Variable","VAR-001","rounding","Input","Raw price, margin display, final customer price, item allocation","Ready"
"FINAL-006","Final Total","Output","FINAL-006","Volume Model Price","Calculated result","Raw price, margin display, final customer price, item allocation","Ready"
"FINAL-007","Final Total","Variable","VAR-001","rounding","Input","Raw price, margin display, final customer price, item allocation","Ready"
"FINAL-007","Final Total","Output","FINAL-007","Weight Model Price","Calculated result","Raw price, margin display, final customer price, item allocation","Ready"
"FINAL-008","Final Total","Variable","VAR-001","rounding","Input","Raw price, margin display, final customer price, item allocation","Ready"
"FINAL-008","Final Total","Output","FINAL-008","Selected Pricing Model","Calculated result","Raw price, margin display, final customer price, item allocation","Ready"
"FINAL-009","Final Total","Variable","VAR-001","rounding","Input","Raw price, margin display, final customer price, item allocation","Ready"
"FINAL-009","Final Total","Output","FINAL-009","Route Cost","Calculated result","Raw price, margin display, final customer price, item allocation","Ready"
"ACC-001","Access Conditions","Variable","VAR-020","coiFee","Input","Access fees included in additional charges","Ready"
"ACC-001","Access Conditions","Output","ACC-001","Access COI Fee","Calculated result","Access fees included in additional charges","Ready"
"ACC-002","Access Conditions","Variable","VAR-021","stairsFeePerFloor","Input","Access fees included in additional charges","Ready"
"ACC-002","Access Conditions","Output","ACC-002","Access Stairs Fee","Calculated result","Access fees included in additional charges","Ready"
"ACC-003","Access Conditions","Variable","VAR-022","narrowAccessFee","Input","Access fees included in additional charges","Ready"
"ACC-003","Access Conditions","Output","ACC-003","Access Narrow / Elevator Unavailable Fee","Calculated result","Access fees included in additional charges","Ready"
"ACC-004","Access Conditions","Output","ACC-004","Access Long Carry Fee","Calculated result","Access fees included in additional charges","Test Assumption"
"ACC-005","Access Conditions","Output","ACC-005","Access Fees Total","Calculated result","Access fees included in additional charges","Test Assumption"
"OPT-001","Order Options","Variable","VAR-024","priorityDateFee","Input","Option fee or operational-cost display impact","Ready"
"OPT-001","Order Options","Reference","REF-012","Quote Options","Input","Option fee or operational-cost display impact","Ready"
"OPT-001","Order Options","Output","OPT-001","Priority Date Fee","Calculated result","Option fee or operational-cost display impact","Ready"
"OPT-002","Order Options","Variable","VAR-025","exclusiveDeliveryMultiplier","Input","Option fee or operational-cost display impact","Ready"
"OPT-002","Order Options","Reference","REF-012","Quote Options","Input","Option fee or operational-cost display impact","Ready"
"OPT-002","Order Options","Output","OPT-002","Exclusive Delivery Operational Cost","Calculated result","Option fee or operational-cost display impact","Ready"
"ADJ-001","Adjustments","Reference","REF-012","Quote Options","Input","Quote adjustment added to raw price","Test Assumption"
"ADJ-001","Adjustments","Reference","REF-TBE-005","Labor","Input","Quote adjustment added to raw price","Test Assumption"
"ADJ-001","Adjustments","Output","ADJ-001","Special Labor Cost","Calculated result","Quote adjustment added to raw price","Test Assumption"
"ADJ-002","Adjustments","Reference","REF-TBE-005","Labor","Input","Quote adjustment added to raw price","Test Assumption"
"ADJ-002","Adjustments","Output","ADJ-002","Legacy Manual Adjustment","Calculated result","Quote adjustment added to raw price","Test Assumption"
"FINAL-010","Final Total","Variable","VAR-001","rounding","Input","Raw price, margin display, final customer price, item allocation","Ready"
"FINAL-010","Final Total","Output","FINAL-010","Additional Charges","Calculated result","Raw price, margin display, final customer price, item allocation","Ready"
"FINAL-011","Final Total","Variable","VAR-001","rounding","Input","Raw price, margin display, final customer price, item allocation","Test Assumption"
"FINAL-011","Final Total","Reference","REF-TBE-005","Labor","Input","Raw price, margin display, final customer price, item allocation","Test Assumption"
"FINAL-011","Final Total","Output","FINAL-011","Quote Adjustment","Calculated result","Raw price, margin display, final customer price, item allocation","Test Assumption"
"FINAL-012","Final Total","Variable","VAR-001","rounding","Input","Raw price, margin display, final customer price, item allocation","Ready"
"FINAL-012","Final Total","Output","FINAL-012","Raw Price","Calculated result","Raw price, margin display, final customer price, item allocation","Ready"
"FINAL-013","Final Total","Variable","VAR-001","rounding","Input","Raw price, margin display, final customer price, item allocation","Ready"
"FINAL-013","Final Total","Output","FINAL-013","Margin Display","Calculated result","Raw price, margin display, final customer price, item allocation","Ready"
"FINAL-014","Final Total","Variable","VAR-001","rounding","Input","Raw price, margin display, final customer price, item allocation","Ready"
"FINAL-014","Final Total","Output","FINAL-014","Final Customer Price","Calculated result","Raw price, margin display, final customer price, item allocation","Ready"
"FINAL-015","Final Total","Variable","VAR-001","rounding","Input","Raw price, margin display, final customer price, item allocation","Ready"
"FINAL-015","Final Total","Output","FINAL-015","Rounding Delta","Calculated result","Raw price, margin display, final customer price, item allocation","Ready"
"FINAL-016","Final Total","Variable","VAR-001","rounding","Input","Raw price, margin display, final customer price, item allocation","Ready"
"FINAL-016","Final Total","Output","FINAL-016","Effective Cost Per Cu Ft","Calculated result","Raw price, margin display, final customer price, item allocation","Ready"
"FINAL-017","Final Total","Variable","VAR-001","rounding","Input","Raw price, margin display, final customer price, item allocation","Test Assumption"
"FINAL-017","Final Total","Output","FINAL-017","Item Reference Allocation Method","Calculated result","Raw price, margin display, final customer price, item allocation","Test Assumption"
"FINAL-018","Final Total","Variable","VAR-001","rounding","Input","Raw price, margin display, final customer price, item allocation","Test Assumption"
"FINAL-018","Final Total","Output","FINAL-018","Item Reference Price","Calculated result","Raw price, margin display, final customer price, item allocation","Test Assumption"
"SNAP-001","Snapshot / Audit","Reference","REF-013","Estimate Snapshot","Input","Frozen estimate audit trail","Test Assumption"
"SNAP-001","Snapshot / Audit","Output","SNAP-001","Estimate Snapshot Formula Version","Calculated result","Frozen estimate audit trail","Test Assumption"
"TBE-FLOW-001","Formula Trace","Output","TBE-FLOW-001","Calculation Trace","Calculated result","Admin Cost Breakdown, audit snapshot.","Test Assumption"
"TBE-FLOW-002","Final Price Build Order","Variable","VAR-001","rounding","Input","Developer Formula Sprint implementation.","Test Assumption"
"TBE-FLOW-002","Final Price Build Order","Output","TBE-FLOW-002","Build Sequence","Calculated result","Developer Formula Sprint implementation.","Test Assumption"
"TBE-RTE-001","Route Type Pricing","Reference","REF-TBE-001","ZIP Dictionary","Input","Route, pickup, interstate, delivery pricing.","Test Assumption"
"TBE-RTE-001","Route Type Pricing","Output","TBE-RTE-001","Route Type","Calculated result","Route, pickup, interstate, delivery pricing.","Test Assumption"
"TBE-RTE-002","ZIP / Service Area","Reference","REF-TBE-001","ZIP Dictionary","Input","Distance, route support, zone fees.","Test Assumption"
"TBE-RTE-002","ZIP / Service Area","Reference","REF-TBE-002","Service Areas","Input","Distance, route support, zone fees.","Test Assumption"
"TBE-RTE-002","ZIP / Service Area","Output","TBE-RTE-002","ZIP Dictionary","Calculated result","Distance, route support, zone fees.","Test Assumption"
"TBE-RTE-003","Route / Distance","Output","TBE-RTE-003","Distance Source","Calculated result","Pickup/delivery mileage, direct fee, interstate cost.","Test Assumption"
"TBE-RTE-004","Remote / Corridor","Output","TBE-RTE-004","Remote Premium","Calculated result","Route subtotal or service fee.","Test Assumption"
"TBE-ITM-001","Item Calculations","Reference","REF-002","Quick Quote catalog transfer","Input","Effective volume, vehicle fit, total volume.","Test Assumption"
"TBE-ITM-001","Item Calculations","Reference","REF-003","Item Catalog","Input","Effective volume, vehicle fit, total volume.","Test Assumption"
"TBE-ITM-001","Item Calculations","Output","TBE-ITM-001","Physical Volume","Calculated result","Effective volume, vehicle fit, total volume.","Test Assumption"
"TBE-ITM-002","Item Calculations","Reference","REF-TBE-005","Labor","Input","Vehicle fit, crew logic, labor model.","Test Assumption"
"TBE-ITM-002","Item Calculations","Output","TBE-ITM-002","Effective Volume","Calculated result","Vehicle fit, crew logic, labor model.","Test Assumption"
"TBE-ITM-003","Non-stack","Output","TBE-ITM-003","Effective Height","Calculated result","Effective volume.","Test Assumption"
"TBE-ITM-004","Bulky / Moving","Output","TBE-ITM-004","Bulky Premium","Calculated result","Vehicle/crew/direct review/final price.","Test Assumption"
"TBE-VEH-001","Vehicle","Output","TBE-VEH-001","Vehicle Fit","Calculated result","Interstate cost, local operations.","Test Assumption"
"TBE-CREW-001","Crew","Reference","REF-011","Access Conditions","Input","Pickup labor, delivery labor.","Test Assumption"
"TBE-CREW-001","Crew","Reference","REF-TBE-005","Labor","Input","Pickup labor, delivery labor.","Test Assumption"
"TBE-CREW-001","Crew","Output","TBE-CREW-001","Crew Split","Calculated result","Pickup labor, delivery labor.","Test Assumption"
"TBE-LAB-001","Labor","Reference","REF-TBE-005","Labor","Input","Pickup labor subtotal.","Test Assumption"
"TBE-LAB-001","Labor","Output","TBE-LAB-001","Pickup Time","Calculated result","Pickup labor subtotal.","Test Assumption"
"TBE-LAB-002","Labor","Reference","REF-TBE-005","Labor","Input","Delivery labor subtotal.","Test Assumption"
"TBE-LAB-002","Labor","Output","TBE-LAB-002","Delivery Time","Calculated result","Delivery labor subtotal.","Test Assumption"
"TBE-DIR-001","Direct / Specific Date","Output","TBE-DIR-001","Direct Fee","Calculated result","Pickup/direct/delivery subtotal.","Test Assumption"
"TBE-INT-001","Interstate","Reference","REF-006","Distance Matrix","Input","Interstate subtotal.","Test Assumption"
"TBE-INT-001","Interstate","Output","TBE-INT-001","Linehaul Cost","Calculated result","Interstate subtotal.","Test Assumption"
"TBE-FEE-001","Custom Crate","Reference","REF-TBE-005","Labor","Input","Packaging/crate subtotal.","Test Assumption"
"TBE-FEE-001","Custom Crate","Output","TBE-FEE-001","Crate Cost","Calculated result","Packaging/crate subtotal.","Test Assumption"
"TBE-FEE-002","Protection","Output","TBE-FEE-002","RV / FVP / DV","Calculated result","Protection cost, customer wording.","Test Assumption"
"TBE-FEE-003","Storage","Variable","VAR-TBE-012","storageRate","Input","Service fees subtotal, snapshot.","Test Assumption"
"TBE-FEE-003","Storage","Output","TBE-FEE-003","Storage Cost","Calculated result","Service fees subtotal, snapshot.","Test Assumption"
"TBE-ACC-001","Access","Reference","REF-TBE-005","Labor","Input","Pickup/delivery/service subtotal.","Test Assumption"
"TBE-ACC-001","Access","Output","TBE-ACC-001","Floor / Elevator / COI","Calculated result","Pickup/delivery/service subtotal.","Test Assumption"
"TBE-MGN-001","Margin","Variable","VAR-TBE-002","marginRate","Input","Raw customer price.","Test Assumption"
"TBE-MGN-001","Margin","Output","TBE-MGN-001","Margin Application","Calculated result","Raw customer price.","Test Assumption"
"TBE-MGN-002","Discount","Output","TBE-MGN-002","Discount Guardrail","Calculated result","Final raw price, audit.","Test Assumption"
"TBE-FINAL-001","Final Total","Variable","VAR-001","rounding","Input","Estimate Document, snapshot.","Test Assumption"
"TBE-FINAL-001","Final Total","Variable","VAR-TBE-001","roundingIncrement","Input","Estimate Document, snapshot.","Test Assumption"
"TBE-FINAL-001","Final Total","Output","TBE-FINAL-001","Rounding","Calculated result","Estimate Document, snapshot.","Test Assumption"
"TBE-SNAP-001","Snapshot","Reference","REF-013","Estimate Snapshot","Input","My Estimates, Cost Breakdown, audit.","Test Assumption"
"TBE-SNAP-001","Snapshot","Output","TBE-SNAP-001","Immutable Estimate","Calculated result","My Estimates, Cost Breakdown, audit.","Test Assumption"
"TBE-GOV-001","Variable Governance","Reference","REF-TBE-010","Benchmark Cases","Input","Admin settings, release control.","Test Assumption"
"TBE-GOV-001","Variable Governance","Output","TBE-GOV-001","Editable Variable Rule","Calculated result","Admin settings, release control.","Test Assumption"
"TBE-LAB-003","Labor","Reference","REF-TBE-005","Labor","Input","Pickup payroll cost, stage labor cost, productivity metrics.","Test Assumption"
"TBE-LAB-003","Labor","Output","TBE-LAB-003","Total Pickup Labor Hours","Calculated result","Pickup payroll cost, stage labor cost, productivity metrics.","Test Assumption"
"TBE-LAB-004","Labor","Reference","REF-TBE-005","Labor","Input","Delivery payroll cost, stage labor cost, productivity metrics.","Test Assumption"
"TBE-LAB-004","Labor","Output","TBE-LAB-004","Total Delivery Labor Hours","Calculated result","Delivery payroll cost, stage labor cost, productivity metrics.","Test Assumption"
"TBE-LAB-005","Labor","Reference","REF-TBE-005","Labor","Input","Helper payroll, access/labor surcharge.","Test Assumption"
"TBE-LAB-005","Labor","Output","TBE-LAB-005","Helper Labor Hours","Calculated result","Helper payroll, access/labor surcharge.","Test Assumption"
"TBE-LAB-006","Labor","Reference","REF-TBE-005","Labor","Input","Labor margin, payroll audit, productivity analysis.","Test Assumption"
"TBE-LAB-006","Labor","Output","TBE-LAB-006","Billable vs Paid Labor Hours","Calculated result","Labor margin, payroll audit, productivity analysis.","Test Assumption"
"TBE-LAB-007","Labor","Reference","REF-TBE-005","Labor","Input","Operations metrics, coefficient calibration.","Test Assumption"
"TBE-LAB-007","Labor","Output","TBE-LAB-007","Labor Productivity Rate","Calculated result","Operations metrics, coefficient calibration.","Test Assumption"
"TBE-PAY-001","Payroll","Reference","REF-TBE-005","Labor","Input","Payroll cost, fully loaded cost.","Test Assumption"
"TBE-PAY-001","Payroll","Output","TBE-PAY-001","Crew Base Pay","Calculated result","Payroll cost, fully loaded cost.","Test Assumption"
"TBE-PAY-002","Payroll","Variable","VAR-TBE-016","overtimeMultiplier","Input","Payroll cost, profitability guardrail.","Test Assumption"
"TBE-PAY-002","Payroll","Output","TBE-PAY-002","Crew Overtime Pay","Calculated result","Payroll cost, profitability guardrail.","Test Assumption"
"TBE-PAY-003","Payroll","Variable","VAR-TBE-017","payrollBurdenRate","Input","Fully loaded labor cost.","Test Assumption"
"TBE-PAY-003","Payroll","Reference","REF-TBE-005","Labor","Input","Fully loaded labor cost.","Test Assumption"
"TBE-PAY-003","Payroll","Output","TBE-PAY-003","Payroll Burden","Calculated result","Fully loaded labor cost.","Test Assumption"
"TBE-PAY-004","Payroll","Reference","REF-TBE-005","Labor","Input","Operational cost base, contribution margin.","Test Assumption"
"TBE-PAY-004","Payroll","Output","TBE-PAY-004","Total Crew Cost","Calculated result","Operational cost base, contribution margin.","Test Assumption"
"TBE-PAY-005","Payroll","Reference","REF-TBE-005","Labor","Input","Stage subtotal, stage margin analysis.","Test Assumption"
"TBE-PAY-005","Payroll","Output","TBE-PAY-005","Stage Labor Cost Allocation","Calculated result","Stage subtotal, stage margin analysis.","Test Assumption"
"TBE-BRK-001","Broker Payout","Output","TBE-BRK-001","Broker Commission Base","Calculated result","Broker commission.","Test Assumption"
"TBE-BRK-002","Broker Payout","Variable","VAR-TBE-002","marginRate","Input","Broker payout, net margin.","Test Assumption"
"TBE-BRK-002","Broker Payout","Variable","VAR-TBE-018","brokerCommissionRate","Input","Broker payout, net margin.","Test Assumption"
"TBE-BRK-002","Broker Payout","Output","TBE-BRK-002","Broker Commission","Calculated result","Broker payout, net margin.","Test Assumption"
"TBE-BRK-003","Broker Payout","Output","TBE-BRK-003","Broker Minimum / Cap","Calculated result","Broker payout, final profitability.","Ready"
"TBE-BRK-004","Broker Payout","Output","TBE-BRK-004","Broker Payout Eligibility","Calculated result","Broker payout accrual.","Ready"
"TBE-DSP-001","Dispatcher Payout","Output","TBE-DSP-001","Dispatcher Payout Base","Calculated result","Dispatcher payout.","Test Assumption"
"TBE-DSP-002","Dispatcher Payout","Output","TBE-DSP-002","Dispatcher Payout","Calculated result","Payroll/admin payout, profitability.","Ready"
"TBE-DSP-003","Dispatcher Payout","Reference","REF-TBE-005","Labor","Input","Stage cost and margin.","Test Assumption"
"TBE-DSP-003","Dispatcher Payout","Output","TBE-DSP-003","Dispatcher Stage Allocation","Calculated result","Stage cost and margin.","Test Assumption"
"TBE-COST-001","Cost Base","Output","TBE-COST-001","Direct Operational Cost","Calculated result","Fully loaded cost, margin calculation.","Test Assumption"
"TBE-COST-002","Cost Base","Output","TBE-COST-002","Fully Loaded Cost","Calculated result","Gross/contribution margin, price floor.","Ready"
"TBE-COST-003","Cost Allocation","Output","TBE-COST-003","Item Cost Allocation","Calculated result","Item-level audit, internal allocation.","Ready"
"TBE-COST-004","Cost Allocation","Output","TBE-COST-004","Stage Cost Allocation","Calculated result","Stage margin dashboard, CEO audit.","Ready"
"TBE-MGN-003","Margin","Output","TBE-MGN-003","Gross Margin Dollars","Calculated result","CEO profitability view.","Ready"
"TBE-MGN-004","Margin","Output","TBE-MGN-004","Gross Margin Percent","Calculated result","Margin guardrails, reporting.","Ready"
"TBE-MGN-005","Margin","Output","TBE-MGN-005","Contribution Margin Dollars","Calculated result","Profitability guardrail.","Ready"
"TBE-MGN-006","Margin","Output","TBE-MGN-006","Contribution Margin Percent","Calculated result","CEO/CFO margin dashboard.","Ready"
"TBE-MGN-007","Margin","Variable","VAR-TBE-020","minContributionMarginPct","Input","Warning/blocker, discount approval.","Test Assumption"
"TBE-MGN-007","Margin","Output","TBE-MGN-007","Minimum Margin Guardrail","Calculated result","Warning/blocker, discount approval.","Test Assumption"
"TBE-MGN-008","Margin","Variable","VAR-TBE-020","minContributionMarginPct","Input","Discount guardrail, final quote check.","Test Assumption"
"TBE-MGN-008","Margin","Output","TBE-MGN-008","Price Floor","Calculated result","Discount guardrail, final quote check.","Test Assumption"
"TBE-MGN-009","Discount","Output","TBE-MGN-009","Maximum Allowed Discount","Calculated result","Discount approval, warning/blocker.","Ready"
"TBE-MGN-010","Discount","Output","TBE-MGN-010","Post-Discount Margin Check","Calculated result","Final approval, audit.","Ready"
"TBE-CAP-001","Capacity","Output","TBE-CAP-001","Vehicle Space Utilization","Calculated result","Vehicle fit, capacity warning, pricing premium.","Test Assumption"
"TBE-CAP-002","Capacity","Output","TBE-CAP-002","Payload Utilization","Calculated result","Vehicle fit, safety/ops warning.","Test Assumption"
"TBE-CAP-003","Capacity","Variable","VAR-TBE-022","routeCapacityRate","Input","Bulky premium, margin guardrail.","Test Assumption"
"TBE-CAP-003","Capacity","Output","TBE-CAP-003","Route Capacity Opportunity Cost","Calculated result","Bulky premium, margin guardrail.","Test Assumption"
"TBE-CAP-004","Capacity","Variable","VAR-TBE-023","bulkyPremiumMultiplier","Input","Service fee or route premium.","Test Assumption"
"TBE-CAP-004","Capacity","Output","TBE-CAP-004","Bulky Capacity Premium","Calculated result","Service fee or route premium.","Test Assumption"
"TBE-REV-001","Revenue","Output","TBE-REV-001","Customer Revenue","Calculated result","Margin, broker payout, reporting.","Test Assumption"
"TBE-REV-002","Revenue","Output","TBE-REV-002","Stage Revenue Allocation","Calculated result","Stage margin dashboard.","Ready"
"TBE-ADJ-001","Adjustments","Output","TBE-ADJ-001","Approved Manual Override Impact","Calculated result","Final price, margin audit, change log.","Ready"
"TBE-LOC-001","Location / Address Type","Reference","REF-TBE-016","Location / Address Types","Input","Pickup/delivery time model, access effort, crew planning.","Test Assumption"
"TBE-LOC-001","Location / Address Type","Output","TBE-LOC-001","Address Type Normalization","Calculated result","Pickup/delivery time model, access effort, crew planning.","Test Assumption"
"TBE-LOC-002","Location / Address Type","Variable","VAR-TBE-024","locationTypeTimeMultiplier","Input","Pickup minutes, delivery minutes, labor hours, fully loaded labor cost.","Test Assumption"
"TBE-LOC-002","Location / Address Type","Variable","VAR-TBE-025","locationTypeFixedMinutes","Input","Pickup minutes, delivery minutes, labor hours, fully loaded labor cost.","Test Assumption"
"TBE-LOC-002","Location / Address Type","Reference","REF-TBE-005","Labor","Input","Pickup minutes, delivery minutes, labor hours, fully loaded labor cost.","Test Assumption"
"TBE-LOC-002","Location / Address Type","Reference","REF-TBE-016","Location / Address Types","Input","Pickup minutes, delivery minutes, labor hours, fully loaded labor cost.","Test Assumption"
"TBE-LOC-002","Location / Address Type","Reference","REF-TIME-001","Historical Time Metrics","Input","Pickup minutes, delivery minutes, labor hours, fully loaded labor cost.","Test Assumption"
"TBE-LOC-002","Location / Address Type","Output","TBE-LOC-002","Location Type Time Impact","Calculated result","Pickup minutes, delivery minutes, labor hours, fully loaded labor cost.","Test Assumption"
"TBE-LOC-003","Location / Address Type","Variable","VAR-TBE-026","locationTypeCrewImpact","Input","Vehicle/crew split, labor cost, capacity planning.","Test Assumption"
"TBE-LOC-003","Location / Address Type","Reference","REF-011","Access Conditions","Input","Vehicle/crew split, labor cost, capacity planning.","Test Assumption"
"TBE-LOC-003","Location / Address Type","Reference","REF-TBE-005","Labor","Input","Vehicle/crew split, labor cost, capacity planning.","Test Assumption"
"TBE-LOC-003","Location / Address Type","Reference","REF-TBE-016","Location / Address Types","Input","Vehicle/crew split, labor cost, capacity planning.","Test Assumption"
"TBE-LOC-003","Location / Address Type","Output","TBE-LOC-003","Location Type Crew Impact","Calculated result","Vehicle/crew split, labor cost, capacity planning.","Test Assumption"
"TBE-LOC-004","Location / Address Type","Variable","VAR-TBE-027","parkingLoadingComplexityMinutes","Input","Pickup/delivery labor minutes and access risk.","Test Assumption"
"TBE-LOC-004","Location / Address Type","Reference","REF-011","Access Conditions","Input","Pickup/delivery labor minutes and access risk.","Test Assumption"
"TBE-LOC-004","Location / Address Type","Reference","REF-TBE-005","Labor","Input","Pickup/delivery labor minutes and access risk.","Test Assumption"
"TBE-LOC-004","Location / Address Type","Reference","REF-TBE-016","Location / Address Types","Input","Pickup/delivery labor minutes and access risk.","Test Assumption"
"TBE-LOC-004","Location / Address Type","Reference","REF-TIME-001","Historical Time Metrics","Input","Pickup/delivery labor minutes and access risk.","Test Assumption"
"TBE-LOC-004","Location / Address Type","Output","TBE-LOC-004","Parking / Loading Complexity","Calculated result","Pickup/delivery labor minutes and access risk.","Test Assumption"
"TBE-LOC-005","Location / Address Type","Variable","VAR-TBE-028","warehouseEfficiencyFactor","Input","Pickup/delivery handling time, labor cost.","Test Assumption"
"TBE-LOC-005","Location / Address Type","Reference","REF-TBE-005","Labor","Input","Pickup/delivery handling time, labor cost.","Test Assumption"
"TBE-LOC-005","Location / Address Type","Reference","REF-TBE-016","Location / Address Types","Input","Pickup/delivery handling time, labor cost.","Test Assumption"
"TBE-LOC-005","Location / Address Type","Output","TBE-LOC-005","Warehouse Efficiency Adjustment","Calculated result","Pickup/delivery handling time, labor cost.","Test Assumption"
"TBE-LOC-006","Location / Address Type","Variable","VAR-TBE-029","auctionHandlingMinutes","Input","Pickup/delivery labor cost, margin guardrail.","Test Assumption"
"TBE-LOC-006","Location / Address Type","Reference","REF-TBE-005","Labor","Input","Pickup/delivery labor cost, margin guardrail.","Test Assumption"
"TBE-LOC-006","Location / Address Type","Reference","REF-TBE-016","Location / Address Types","Input","Pickup/delivery labor cost, margin guardrail.","Test Assumption"
"TBE-LOC-006","Location / Address Type","Reference","REF-TIME-001","Historical Time Metrics","Input","Pickup/delivery labor cost, margin guardrail.","Test Assumption"
"TBE-LOC-006","Location / Address Type","Output","TBE-LOC-006","Auction Handling Adjustment","Calculated result","Pickup/delivery labor cost, margin guardrail.","Test Assumption"
"TBE-LOC-007","Location / Address Type","Variable","VAR-TBE-026","locationTypeCrewImpact","Input","Time model, crew planning, margin guardrail, audit trace.","Test Assumption"
"TBE-LOC-007","Location / Address Type","Reference","REF-011","Access Conditions","Input","Time model, crew planning, margin guardrail, audit trace.","Test Assumption"
"TBE-LOC-007","Location / Address Type","Reference","REF-TBE-016","Location / Address Types","Input","Time model, crew planning, margin guardrail, audit trace.","Test Assumption"
"TBE-LOC-007","Location / Address Type","Reference","REF-TIME-001","Historical Time Metrics","Input","Time model, crew planning, margin guardrail, audit trace.","Test Assumption"
"TBE-LOC-007","Location / Address Type","Output","TBE-LOC-007","Location Effort Score","Calculated result","Time model, crew planning, margin guardrail, audit trace.","Test Assumption"
"TBE-LOC-008","Location / Address Type","Variable","VAR-TBE-014","managementFee","Input","Internal cost base or management fee decision, depending on approval.","Test Assumption"
"TBE-LOC-008","Location / Address Type","Reference","REF-TBE-005","Labor","Input","Internal cost base or management fee decision, depending on approval.","Test Assumption"
"TBE-LOC-008","Location / Address Type","Output","TBE-LOC-008","Location Risk Reserve","Calculated result","Internal cost base or management fee decision, depending on approval.","Test Assumption"
"TBE-HND-001","Item Handling / Crew Feasibility","Reference","REF-002","Quick Quote catalog transfer","Input","One-person eligibility, min crew by item, pickup/delivery labor model.","Test Assumption"
"TBE-HND-001","Item Handling / Crew Feasibility","Reference","REF-TBE-005","Labor","Input","One-person eligibility, min crew by item, pickup/delivery labor model.","Test Assumption"
"TBE-HND-001","Item Handling / Crew Feasibility","Output","TBE-HND-001","Max Single Item Weight","Calculated result","One-person eligibility, min crew by item, pickup/delivery labor model.","Test Assumption"
"TBE-HND-002","Item Handling / Crew Feasibility","Reference","REF-TBE-017","Item Handling / Crew Feasibility Rules","Input","Crew requirement, helper logic, handling score.","Test Assumption"
"TBE-HND-002","Item Handling / Crew Feasibility","Output","TBE-HND-002","Heaviest Item Weight Class","Calculated result","Crew requirement, helper logic, handling score.","Test Assumption"
"TBE-HND-003","Item Handling / Crew Feasibility","Variable","VAR-HND-001","onePersonMaxItemWeightLb","Input","Delivery crew split, pickup crew split, labor cost.","Test Assumption"
"TBE-HND-003","Item Handling / Crew Feasibility","Reference","REF-TBE-005","Labor","Input","Delivery crew split, pickup crew split, labor cost.","Test Assumption"
"TBE-HND-003","Item Handling / Crew Feasibility","Reference","REF-TBE-016","Location / Address Types","Input","Delivery crew split, pickup crew split, labor cost.","Test Assumption"
"TBE-HND-003","Item Handling / Crew Feasibility","Output","TBE-HND-003","One-Person Eligibility","Calculated result","Delivery crew split, pickup crew split, labor cost.","Test Assumption"
"TBE-HND-004","Item Handling / Crew Feasibility","Reference","REF-003","Item Catalog","Input","Recommended crew, labor hours, payroll cost.","Test Assumption"
"TBE-HND-004","Item Handling / Crew Feasibility","Reference","REF-TBE-005","Labor","Input","Recommended crew, labor hours, payroll cost.","Test Assumption"
"TBE-HND-004","Item Handling / Crew Feasibility","Output","TBE-HND-004","Minimum Crew By Item","Calculated result","Recommended crew, labor hours, payroll cost.","Test Assumption"
"TBE-HND-005","Item Handling / Crew Feasibility","Variable","VAR-HND-001","onePersonMaxItemWeightLb","Input","Crew split, labor time model, CEO approval trace.","Test Assumption"
"TBE-HND-005","Item Handling / Crew Feasibility","Variable","VAR-HND-005","largeLightItemVolumeThresholdCuFt","Input","Crew split, labor time model, CEO approval trace.","Test Assumption"
"TBE-HND-005","Item Handling / Crew Feasibility","Variable","VAR-HND-006","itemHandlingScoreThreshold","Input","Crew split, labor time model, CEO approval trace.","Test Assumption"
"TBE-HND-005","Item Handling / Crew Feasibility","Reference","REF-003","Item Catalog","Input","Crew split, labor time model, CEO approval trace.","Test Assumption"
"TBE-HND-005","Item Handling / Crew Feasibility","Reference","REF-TBE-005","Labor","Input","Crew split, labor time model, CEO approval trace.","Test Assumption"
"TBE-HND-005","Item Handling / Crew Feasibility","Output","TBE-HND-005","Large Volume Light Item Exception","Calculated result","Crew split, labor time model, CEO approval trace.","Test Assumption"
"TBE-HND-006","Item Handling / Crew Feasibility","Variable","VAR-LAB-005","minimumHandlingMinutes","Input","Minimum handling minutes, crew requirement, risk reserve.","Test Assumption"
"TBE-HND-006","Item Handling / Crew Feasibility","Reference","REF-003","Item Catalog","Input","Minimum handling minutes, crew requirement, risk reserve.","Test Assumption"
"TBE-HND-006","Item Handling / Crew Feasibility","Output","TBE-HND-006","Item Handling Score","Calculated result","Minimum handling minutes, crew requirement, risk reserve.","Test Assumption"
"TBE-HND-007","Item Handling / Crew Feasibility","Reference","REF-TBE-005","Labor","Input","Final pickup crew, final delivery crew, labor hours.","Test Assumption"
"TBE-HND-007","Item Handling / Crew Feasibility","Output","TBE-HND-007","Crew Requirement From Items","Calculated result","Final pickup crew, final delivery crew, labor hours.","Test Assumption"
"TBE-HND-008","Item Handling / Crew Feasibility","Reference","REF-011","Access Conditions","Input","Pickup labor hours, delivery labor hours, payroll cost, final price.","Test Assumption"
"TBE-HND-008","Item Handling / Crew Feasibility","Reference","REF-TBE-005","Labor","Input","Pickup labor hours, delivery labor hours, payroll cost, final price.","Test Assumption"
"TBE-HND-008","Item Handling / Crew Feasibility","Output","TBE-HND-008","Final Stage Crew Requirement","Calculated result","Pickup labor hours, delivery labor hours, payroll cost, final price.","Test Assumption"
"TBE-HND-009","Item Handling / Crew Feasibility","Variable","VAR-HND-004","itemMinimumHandlingMinutes","Input","Pickup/delivery time floor, labor cost.","Test Assumption"
"TBE-HND-009","Item Handling / Crew Feasibility","Variable","VAR-LAB-005","minimumHandlingMinutes","Input","Pickup/delivery time floor, labor cost.","Test Assumption"
"TBE-HND-009","Item Handling / Crew Feasibility","Reference","REF-TBE-005","Labor","Input","Pickup/delivery time floor, labor cost.","Test Assumption"
"TBE-HND-009","Item Handling / Crew Feasibility","Output","TBE-HND-009","Item Minimum Handling Time Floor","Calculated result","Pickup/delivery time floor, labor cost.","Test Assumption"
"TBE-HND-010","Item Handling / Crew Feasibility","Reference","REF-TBE-005","Labor","Input","Pickup/delivery labor cost, margin guardrail.","Test Assumption"
"TBE-HND-010","Item Handling / Crew Feasibility","Output","TBE-HND-010","Stage Time Guardrail","Calculated result","Pickup/delivery labor cost, margin guardrail.","Test Assumption"
"TBE-HND-011","Item Handling / Crew Feasibility","Reference","REF-001","Quote Draft item row","Input","Max single item weight, heavy piece count, one-person eligibility.","Ready"
"TBE-HND-011","Item Handling / Crew Feasibility","Output","TBE-HND-011","Unit Item Weight","Calculated result","Max single item weight, heavy piece count, one-person eligibility.","Ready"
"TBE-HND-012","Item Handling / Crew Feasibility","Output","TBE-HND-012","Total Pieces","Calculated result","Piece handling minutes, trip/load complexity, UAT trace.","Ready"
"TBE-HND-013","Item Handling / Crew Feasibility","Variable","VAR-HND-007","heavyPieceWeightThresholdLb","Input","Crew requirement, helper active minutes, stage time floor.","Test Assumption"
"TBE-HND-013","Item Handling / Crew Feasibility","Output","TBE-HND-013","Heavy Piece Count","Calculated result","Crew requirement, helper active minutes, stage time floor.","Test Assumption"
"TBE-HND-014","Item Handling / Crew Feasibility","Variable","VAR-HND-009","minutesPerPieceByHandlingClass","Input","Stage item time floor, pickup/delivery labor minutes.","Test Assumption"
"TBE-HND-014","Item Handling / Crew Feasibility","Reference","REF-TBE-005","Labor","Input","Stage item time floor, pickup/delivery labor minutes.","Test Assumption"
"TBE-HND-014","Item Handling / Crew Feasibility","Output","TBE-HND-014","Piece Handling Time","Calculated result","Stage item time floor, pickup/delivery labor minutes.","Test Assumption"
"TBE-HND-015","Item Handling / Crew Feasibility","Variable","VAR-HND-013","accessHeavyImpactMinutes","Input","Partial helper labor, payroll cost, margin guardrail.","Test Assumption"
"TBE-HND-015","Item Handling / Crew Feasibility","Reference","REF-TBE-005","Labor","Input","Partial helper labor, payroll cost, margin guardrail.","Test Assumption"
"TBE-HND-015","Item Handling / Crew Feasibility","Output","TBE-HND-015","Helper Active Minutes","Calculated result","Partial helper labor, payroll cost, margin guardrail.","Test Assumption"
"TBE-HND-016","Item Handling / Crew Feasibility","Reference","REF-TBE-005","Labor","Input","Stage labor cost, fully loaded labor, price floor.","Test Assumption"
"TBE-HND-016","Item Handling / Crew Feasibility","Output","TBE-HND-016","Labor Hours With Partial Helper","Calculated result","Stage labor cost, fully loaded labor, price floor.","Test Assumption"
"TBE-HND-017","Item Handling / Crew Feasibility","Reference","REF-011","Access Conditions","Input","Final stage crew, access risk, labor cost, approval workflow.","Test Assumption"
"TBE-HND-017","Item Handling / Crew Feasibility","Reference","REF-TBE-005","Labor","Input","Final stage crew, access risk, labor cost, approval workflow.","Test Assumption"
"TBE-HND-017","Item Handling / Crew Feasibility","Reference","REF-TBE-016","Location / Address Types","Input","Final stage crew, access risk, labor cost, approval workflow.","Test Assumption"
"TBE-HND-017","Item Handling / Crew Feasibility","Reference","REF-TBE-018","Physical Access Feasibility Rules","Input","Final stage crew, access risk, labor cost, approval workflow.","Test Assumption"
"TBE-HND-017","Item Handling / Crew Feasibility","Output","TBE-HND-017","Hard Access Crew Rule","Calculated result","Final stage crew, access risk, labor cost, approval workflow.","Test Assumption"
"TBE-VEH-002","Vehicle","Variable","VAR-VEH-004","cargoInteriorLengthIn","Input","Vehicle selection, manual review, box truck recommendation.","Test Assumption"
"TBE-VEH-002","Vehicle","Variable","VAR-VEH-005","cargoInteriorWidthIn","Input","Vehicle selection, manual review, box truck recommendation.","Test Assumption"
"TBE-VEH-002","Vehicle","Variable","VAR-VEH-006","cargoInteriorHeightIn","Input","Vehicle selection, manual review, box truck recommendation.","Test Assumption"
"TBE-VEH-002","Vehicle","Reference","REF-TBE-019","Vehicle Dimensions / Cargo Body Specs","Input","Vehicle selection, manual review, box truck recommendation.","Test Assumption"
"TBE-VEH-002","Vehicle","Output","TBE-VEH-002","Vehicle Dimensional Fit","Calculated result","Vehicle selection, manual review, box truck recommendation.","Test Assumption"
"TBE-VEH-003","Vehicle","Variable","VAR-VEH-007","doorOpeningWidthIn","Input","Physical feasibility, manual review, vehicle upgrade.","Test Assumption"
"TBE-VEH-003","Vehicle","Variable","VAR-VEH-008","doorOpeningHeightIn","Input","Physical feasibility, manual review, vehicle upgrade.","Test Assumption"
"TBE-VEH-003","Vehicle","Output","TBE-VEH-003","Door Opening Fit","Calculated result","Physical feasibility, manual review, vehicle upgrade.","Test Assumption"
"TBE-VEH-004","Vehicle","Variable","VAR-VEH-006","cargoInteriorHeightIn","Input","Vehicle revision, side transport review, box truck recommendation, snapshot warning.","Test Assumption"
"TBE-VEH-004","Vehicle","Reference","REF-001","Quote Draft item row","Input","Vehicle revision, side transport review, box truck recommendation, snapshot warning.","Test Assumption"
"TBE-VEH-004","Vehicle","Reference","REF-TBE-019","Vehicle Dimensions / Cargo Body Specs","Input","Vehicle revision, side transport review, box truck recommendation, snapshot warning.","Test Assumption"
"TBE-VEH-004","Vehicle","Output","TBE-VEH-004","Selected Vehicle Height Check","Calculated result","Vehicle revision, side transport review, box truck recommendation, snapshot warning.","Test Assumption"
"TBE-VEH-005","Vehicle","Variable","VAR-VEH-002","sideTransportAllowed","Input","Manual review, protection/packaging risk, vehicle requirement.","Test Assumption"
"TBE-VEH-005","Vehicle","Output","TBE-VEH-005","Side Transport Review","Calculated result","Manual review, protection/packaging risk, vehicle requirement.","Test Assumption"
"TBE-VEH-006","Vehicle","Variable","VAR-VEH-002","sideTransportAllowed","Input","Vehicle selection, quote warning, route cost, final price.","Test Assumption"
"TBE-VEH-006","Vehicle","Output","TBE-VEH-006","Higher Body Vehicle / Box Truck Recommended","Calculated result","Vehicle selection, quote warning, route cost, final price.","Test Assumption"
"TBE-VEH-007","Vehicle","Reference","REF-TBE-005","Labor","Input","Vehicle eligibility, labor time, manual review.","Test Assumption"
"TBE-VEH-007","Vehicle","Output","TBE-VEH-007","Vehicle Equipment Requirement","Calculated result","Vehicle eligibility, labor time, manual review.","Test Assumption"
"TBE-VEH-008","Vehicle","Output","TBE-VEH-008","Final Vehicle Eligibility","Calculated result","Selected vehicle, manual review, cost base.","Test Assumption"
"TBE-CAP-005","Capacity / Density","Output","TBE-CAP-005","Shipment Density","Calculated result","Capacity constraint, vehicle fit, interstate pricing.","Test Assumption"
"TBE-CAP-006","Capacity / Density","Variable","VAR-CAP-001","selectedVehicleCargoVolumeCuFt","Input","Density comparison, limiting factor selection.","Test Assumption"
"TBE-CAP-006","Capacity / Density","Variable","VAR-CAP-002","selectedVehiclePayloadLb","Input","Density comparison, limiting factor selection.","Test Assumption"
"TBE-CAP-006","Capacity / Density","Output","TBE-CAP-006","Vehicle Density Capacity","Calculated result","Density comparison, limiting factor selection.","Test Assumption"
"TBE-CAP-007","Capacity / Density","Output","TBE-CAP-007","Capacity Constraint Type","Calculated result","Pricing explanation, warning rules, route capacity pricing.","Test Assumption"
"TBE-CAP-008","Capacity / Density","Output","TBE-CAP-008","Limiting Capacity Factor","Calculated result","Interstate capacity cost, bulky premium, margin guardrail.","Test Assumption"
"TBE-CAP-009","Capacity / Density","Variable","VAR-CAP-003","fullRouteCapacityCost","Input","Interstate subtotal, final cost base.","Test Assumption"
"TBE-CAP-009","Capacity / Density","Reference","REF-TBE-005","Labor","Input","Interstate subtotal, final cost base.","Test Assumption"
"TBE-CAP-009","Capacity / Density","Output","TBE-CAP-009","Interstate Capacity Cost","Calculated result","Interstate subtotal, final cost base.","Test Assumption"
"TBE-CAP-010","Capacity / Density","Output","TBE-CAP-010","Legacy Dual Cost Guardrail","Calculated result","Interstate subtotal or margin guardrail.","Test Assumption"
"TBE-CAP-011","Capacity / Density","Output","TBE-CAP-011","Capacity Overflow Flag","Calculated result","Warnings, vehicle recommendation, quote approval.","Test Assumption"
"TBE-TIME-011","Time / Labor","Reference","REF-TIME-001","Historical Time Metrics","Input","Pickup/delivery/loading/unloading time model.","Test Assumption"
"TBE-TIME-011","Time / Labor","Output","TBE-TIME-011","Historical Time Calibration","Calculated result","Pickup/delivery/loading/unloading time model.","Test Assumption"
"TBE-TIME-012","Time / Labor","Variable","VAR-TIME-006","loadingCurveVolumeThresholdCuFt","Input","Pickup labor cost, crew paid minutes.","Test Assumption"
"TBE-TIME-012","Time / Labor","Variable","VAR-TIME-007","loadingCurveNumerator","Input","Pickup labor cost, crew paid minutes.","Test Assumption"
"TBE-TIME-012","Time / Labor","Variable","VAR-TIME-008","loadingCurveDenominatorOffset","Input","Pickup labor cost, crew paid minutes.","Test Assumption"
"TBE-TIME-012","Time / Labor","Variable","VAR-TIME-009","loadingCurveBaseMinutes","Input","Pickup labor cost, crew paid minutes.","Test Assumption"
"TBE-TIME-012","Time / Labor","Variable","VAR-TIME-010","loadingPostThresholdMinutesPerCuFt","Input","Pickup labor cost, crew paid minutes.","Test Assumption"
"TBE-TIME-012","Time / Labor","Reference","REF-011","Access Conditions","Input","Pickup labor cost, crew paid minutes.","Test Assumption"
"TBE-TIME-012","Time / Labor","Reference","REF-TBE-005","Labor","Input","Pickup labor cost, crew paid minutes.","Test Assumption"
"TBE-TIME-012","Time / Labor","Output","TBE-TIME-012","Pickup Loading Minutes","Calculated result","Pickup labor cost, crew paid minutes.","Test Assumption"
"TBE-TIME-013","Time / Labor","Variable","VAR-TIME-011","unloadingTimeCoefficient","Input","Delivery labor cost, delivery subtotal.","Test Assumption"
"TBE-TIME-013","Time / Labor","Reference","REF-TBE-005","Labor","Input","Delivery labor cost, delivery subtotal.","Test Assumption"
"TBE-TIME-013","Time / Labor","Output","TBE-TIME-013","Delivery Unloading Minutes","Calculated result","Delivery labor cost, delivery subtotal.","Test Assumption"
"TBE-TIME-014","Time / Labor","Output","TBE-TIME-014","Helper Paid Minutes","Calculated result","Payroll, margin, final price.","Ready"
"TBE-TIME-015","Time / Labor","Reference","REF-TBE-005","Labor","Input","Direct cost base, margin calculation.","Test Assumption"
"TBE-TIME-015","Time / Labor","Reference","REF-TBE-011","Payroll Roles / Wage Rates","Input","Direct cost base, margin calculation.","Test Assumption"
"TBE-TIME-015","Time / Labor","Output","TBE-TIME-015","Fully Loaded Labor Cost","Calculated result","Direct cost base, margin calculation.","Test Assumption"
"TBE-ACC-006","Access Conditions","Variable","VAR-ACC-001","freeFloorCount","Input","Stairs fee, access time impact.","Test Assumption"
"TBE-ACC-006","Access Conditions","Reference","REF-011","Access Conditions","Input","Stairs fee, access time impact.","Test Assumption"
"TBE-ACC-006","Access Conditions","Output","TBE-ACC-006","Billable Floors","Calculated result","Stairs fee, access time impact.","Test Assumption"
"TBE-ACC-007","Access Conditions","Variable","VAR-ACC-002","stairsFeePerBillableFloor","Input","Pickup/delivery access subtotal.","Test Assumption"
"TBE-ACC-007","Access Conditions","Output","TBE-ACC-007","Stairs Fee","Calculated result","Pickup/delivery access subtotal.","Test Assumption"
"TBE-ACC-008","Access Conditions","Variable","VAR-ACC-003","extraLaborMinimumHours","Input","Access/service subtotal, payroll, margin.","Test Assumption"
"TBE-ACC-008","Access Conditions","Variable","VAR-ACC-004","extraLaborHourlyRate","Input","Access/service subtotal, payroll, margin.","Test Assumption"
"TBE-ACC-008","Access Conditions","Reference","REF-012","Quote Options","Input","Access/service subtotal, payroll, margin.","Test Assumption"
"TBE-ACC-008","Access Conditions","Reference","REF-TBE-005","Labor","Input","Access/service subtotal, payroll, margin.","Test Assumption"
"TBE-ACC-008","Access Conditions","Output","TBE-ACC-008","Extra Labor Cost","Calculated result","Access/service subtotal, payroll, margin.","Test Assumption"
"TBE-WARN-001","Warnings / Approval","Output","TBE-WARN-001","Warning Rule Evaluation","Calculated result","Broker UI, admin breakdown, approval workflow.","Test Assumption"
"TBE-WARN-002","Warnings / Approval","Output","TBE-WARN-002","Vehicle Fit Warning","Calculated result","Quote warnings, vehicle recommendation, manager approval.","Test Assumption"
"TBE-WARN-003","Warnings / Approval","Reference","REF-TBE-005","Labor","Input","Broker warning, manager approval, labor cost.","Test Assumption"
"TBE-WARN-003","Warnings / Approval","Output","TBE-WARN-003","Crew Review Warning","Calculated result","Broker warning, manager approval, labor cost.","Test Assumption"
"TBE-WARN-004","Warnings / Approval","Output","TBE-WARN-004","Quote Can Save","Calculated result","Estimate workflow, snapshot.","Ready"
"TBE-MRG-011","Margin / Compensation","Variable","VAR-MRG-001","minimumContributionMarginRate","Input","Margin guardrail, CEO reporting.","Test Assumption"
"TBE-MRG-011","Margin / Compensation","Output","TBE-MRG-011","Contribution Margin","Calculated result","Margin guardrail, CEO reporting.","Test Assumption"
"TBE-MRG-012","Margin / Compensation","Variable","VAR-TBE-014","managementFee","Input","Final customer price, margin guardrail.","Test Assumption"
"TBE-MRG-012","Margin / Compensation","Output","TBE-MRG-012","Discount Order Guardrail","Calculated result","Final customer price, margin guardrail.","Test Assumption"
"TBE-MRG-013","Margin / Compensation","Variable","VAR-TBE-018","brokerCommissionRate","Input","Contribution margin, payroll/payout reporting.","Test Assumption"
"TBE-MRG-013","Margin / Compensation","Output","TBE-MRG-013","Broker Payout","Calculated result","Contribution margin, payroll/payout reporting.","Test Assumption"
"TBE-MRG-014","Margin / Compensation","Output","TBE-MRG-014","Dispatcher Payout","Calculated result","Contribution margin, payout reporting.","Test Assumption"
"TBE-RTE-011","Route / ZIP Governance","Reference","REF-TBE-001","ZIP Dictionary","Input","Route classification, fees, warnings.","Test Assumption"
"TBE-RTE-011","Route / ZIP Governance","Output","TBE-RTE-011","Manual ZIP Override","Calculated result","Route classification, fees, warnings.","Test Assumption"
"TBE-RTE-012","Route / ZIP Governance","Variable","VAR-RTE-001","zoneMultiplier","Input","Route subtotal, margin guardrail.","Test Assumption"
"TBE-RTE-012","Route / ZIP Governance","Reference","REF-TBE-001","ZIP Dictionary","Input","Route subtotal, margin guardrail.","Test Assumption"
"TBE-RTE-012","Route / ZIP Governance","Output","TBE-RTE-012","Corridor / Remote Multiplier","Calculated result","Route subtotal, margin guardrail.","Test Assumption"
"TBE-SNAP-002","Snapshot Compatibility","Reference","REF-013","Estimate Snapshot","Input","Estimate snapshot, audit, admin breakdown.","Test Assumption"
"TBE-SNAP-002","Snapshot Compatibility","Output","TBE-SNAP-002","Variable Snapshot","Calculated result","Estimate snapshot, audit, admin breakdown.","Test Assumption"
"TBE-SNAP-003","Snapshot Compatibility","Reference","REF-013","Estimate Snapshot","Input","Estimate snapshot, audit.","Test Assumption"
"TBE-SNAP-003","Snapshot Compatibility","Reference","REF-TBE-004","Vehicles","Input","Estimate snapshot, audit.","Test Assumption"
"TBE-SNAP-003","Snapshot Compatibility","Reference","REF-TBE-005","Labor","Input","Estimate snapshot, audit.","Test Assumption"
"TBE-SNAP-003","Snapshot Compatibility","Output","TBE-SNAP-003","Reference Snapshot","Calculated result","Estimate snapshot, audit.","Test Assumption"
"INT-CAP-001-DENSITY-THRESHOLD","Interstate Capacity Logic","Output","INT-CAP-001-DENSITY-THRESHOLD","Density Threshold","Calculated result","Shipment density comparison, interstate cost basis, warning engine.","Test Assumption"
"INT-CAP-002-VOLUME-UTILIZATION","Interstate Capacity Logic","Output","INT-CAP-002-VOLUME-UTILIZATION","Volume Utilization","Calculated result","Capacity constraint selector, interstate cost basis, volume fit warning.","Test Assumption"
"INT-CAP-003-PAYLOAD-UTILIZATION","Interstate Capacity Logic","Output","INT-CAP-003-PAYLOAD-UTILIZATION","Payload Utilization","Calculated result","Capacity constraint selector, interstate cost basis, payload fit warning.","Test Assumption"
"INT-CAP-004-CAPACITY-CONSTRAINT-SELECTOR","Interstate Capacity Logic","Output","INT-CAP-004-CAPACITY-CONSTRAINT-SELECTOR","Capacity Constraint Selector","Calculated result","Pricing trace, warning engine, interstate pricing basis.","Ready"
"INT-CAP-005-INTERSTATE-COST-BASIS","Interstate Capacity Logic","Output","INT-CAP-005-INTERSTATE-COST-BASIS","Interstate Cost Basis","Calculated result","Interstate capacity cost, route subtotal, margin guardrail.","Ready"
"INT-CAP-006-VOLUME-LIMITED-LOAD","Interstate Capacity Logic","Reference","REF-TBE-015","Capacity Economics","Input","Interstate trace, warning engine, route capacity economics.","Test Assumption"
"INT-CAP-006-VOLUME-LIMITED-LOAD","Interstate Capacity Logic","Output","INT-CAP-006-VOLUME-LIMITED-LOAD","Volume Limited Load","Calculated result","Interstate trace, warning engine, route capacity economics.","Test Assumption"
"INT-CAP-007-WEIGHT-LIMITED-LOAD","Interstate Capacity Logic","Reference","REF-TBE-015","Capacity Economics","Input","Interstate trace, warning engine, route capacity economics.","Test Assumption"
"INT-CAP-007-WEIGHT-LIMITED-LOAD","Interstate Capacity Logic","Output","INT-CAP-007-WEIGHT-LIMITED-LOAD","Weight Limited Load","Calculated result","Interstate trace, warning engine, route capacity economics.","Test Assumption"
"LAB-TIME-001-VOLUME-BASED-HANDLING-TIME","Labor Time Architecture","Variable","VAR-LAB-001","minutesPerCuFt","Input","Handling time selector.","Test Assumption"
"LAB-TIME-001-VOLUME-BASED-HANDLING-TIME","Labor Time Architecture","Reference","REF-TBE-005","Labor","Input","Handling time selector.","Test Assumption"
"LAB-TIME-001-VOLUME-BASED-HANDLING-TIME","Labor Time Architecture","Output","LAB-TIME-001-VOLUME-BASED-HANDLING-TIME","Volume Based Handling Time","Calculated result","Handling time selector.","Test Assumption"
"LAB-TIME-002-WEIGHT-BASED-HANDLING-TIME","Labor Time Architecture","Variable","VAR-LAB-002","minutesPerLb","Input","Handling time selector.","Test Assumption"
"LAB-TIME-002-WEIGHT-BASED-HANDLING-TIME","Labor Time Architecture","Reference","REF-TBE-005","Labor","Input","Handling time selector.","Test Assumption"
"LAB-TIME-002-WEIGHT-BASED-HANDLING-TIME","Labor Time Architecture","Output","LAB-TIME-002-WEIGHT-BASED-HANDLING-TIME","Weight Based Handling Time","Calculated result","Handling time selector.","Test Assumption"
"LAB-TIME-003-HANDLING-TIME-SELECTOR","Labor Time Architecture","Reference","REF-TBE-005","Labor","Input","Pickup/delivery split, labor cost, trace.","Test Assumption"
"LAB-TIME-003-HANDLING-TIME-SELECTOR","Labor Time Architecture","Output","LAB-TIME-003-HANDLING-TIME-SELECTOR","Handling Time Selector","Calculated result","Pickup/delivery split, labor cost, trace.","Test Assumption"
"LAB-TIME-004-PICKUP-DELIVERY-TIME-SPLIT","Labor Time Architecture","Variable","VAR-LAB-003","pickupTimeMultiplier","Input","Pickup subtotal, delivery subtotal, payroll, margin.","Test Assumption"
"LAB-TIME-004-PICKUP-DELIVERY-TIME-SPLIT","Labor Time Architecture","Variable","VAR-LAB-004","deliveryTimeMultiplier","Input","Pickup subtotal, delivery subtotal, payroll, margin.","Test Assumption"
"LAB-TIME-004-PICKUP-DELIVERY-TIME-SPLIT","Labor Time Architecture","Output","LAB-TIME-004-PICKUP-DELIVERY-TIME-SPLIT","Pickup / Delivery Time Split","Calculated result","Pickup subtotal, delivery subtotal, payroll, margin.","Test Assumption"
"LAB-TIME-005-MINIMUM-HANDLING-TIME","Labor Time Architecture","Variable","VAR-LAB-005","minimumHandlingMinutes","Input","Labor cost, stage subtotal, margin guardrail.","Test Assumption"
"LAB-TIME-005-MINIMUM-HANDLING-TIME","Labor Time Architecture","Reference","REF-TBE-005","Labor","Input","Labor cost, stage subtotal, margin guardrail.","Test Assumption"
"LAB-TIME-005-MINIMUM-HANDLING-TIME","Labor Time Architecture","Output","LAB-TIME-005-MINIMUM-HANDLING-TIME","Minimum Handling Time","Calculated result","Labor cost, stage subtotal, margin guardrail.","Test Assumption"
"LAB-TIME-006-PICKUP-TIME-COEFFICIENT","Labor Time Architecture","Variable","VAR-LAB-003","pickupTimeMultiplier","Input","Pickup labor cost and pickup subtotal.","Test Assumption"
"LAB-TIME-006-PICKUP-TIME-COEFFICIENT","Labor Time Architecture","Reference","REF-TBE-005","Labor","Input","Pickup labor cost and pickup subtotal.","Test Assumption"
"LAB-TIME-006-PICKUP-TIME-COEFFICIENT","Labor Time Architecture","Reference","REF-TIME-001","Historical Time Metrics","Input","Pickup labor cost and pickup subtotal.","Test Assumption"
"LAB-TIME-006-PICKUP-TIME-COEFFICIENT","Labor Time Architecture","Output","LAB-TIME-006-PICKUP-TIME-COEFFICIENT","Pickup Time Coefficient","Calculated result","Pickup labor cost and pickup subtotal.","Test Assumption"
"LAB-TIME-007-DELIVERY-TIME-COEFFICIENT","Labor Time Architecture","Variable","VAR-LAB-004","deliveryTimeMultiplier","Input","Delivery labor cost and delivery subtotal.","Test Assumption"
"LAB-TIME-007-DELIVERY-TIME-COEFFICIENT","Labor Time Architecture","Reference","REF-TBE-005","Labor","Input","Delivery labor cost and delivery subtotal.","Test Assumption"
"LAB-TIME-007-DELIVERY-TIME-COEFFICIENT","Labor Time Architecture","Reference","REF-TIME-001","Historical Time Metrics","Input","Delivery labor cost and delivery subtotal.","Test Assumption"
"LAB-TIME-007-DELIVERY-TIME-COEFFICIENT","Labor Time Architecture","Output","LAB-TIME-007-DELIVERY-TIME-COEFFICIENT","Delivery Time Coefficient","Calculated result","Delivery labor cost and delivery subtotal.","Test Assumption"
"FIT-001-DIMENSIONAL-FIT","Vehicle Fit / Capacity Fit","Variable","VAR-FIT-001","maxItemLength","Input","Vehicle fit, warning engine, recommended vehicle change.","Test Assumption"
"FIT-001-DIMENSIONAL-FIT","Vehicle Fit / Capacity Fit","Variable","VAR-FIT-002","maxItemWidth","Input","Vehicle fit, warning engine, recommended vehicle change.","Test Assumption"
"FIT-001-DIMENSIONAL-FIT","Vehicle Fit / Capacity Fit","Variable","VAR-FIT-003","maxItemHeight","Input","Vehicle fit, warning engine, recommended vehicle change.","Test Assumption"
"FIT-001-DIMENSIONAL-FIT","Vehicle Fit / Capacity Fit","Variable","VAR-FIT-004","vehicleInteriorLength","Input","Vehicle fit, warning engine, recommended vehicle change.","Test Assumption"
"FIT-001-DIMENSIONAL-FIT","Vehicle Fit / Capacity Fit","Variable","VAR-FIT-005","vehicleInteriorWidth","Input","Vehicle fit, warning engine, recommended vehicle change.","Test Assumption"
"FIT-001-DIMENSIONAL-FIT","Vehicle Fit / Capacity Fit","Variable","VAR-FIT-006","vehicleInteriorHeight","Input","Vehicle fit, warning engine, recommended vehicle change.","Test Assumption"
"FIT-001-DIMENSIONAL-FIT","Vehicle Fit / Capacity Fit","Output","FIT-001-DIMENSIONAL-FIT","Dimensional Fit","Calculated result","Vehicle fit, warning engine, recommended vehicle change.","Test Assumption"
"FIT-002-CAPACITY-FIT-BY-VOLUME","Vehicle Fit / Capacity Fit","Output","FIT-002-CAPACITY-FIT-BY-VOLUME","Capacity Fit By Volume","Calculated result","Vehicle fit, warning engine, vehicle recommendation.","Test Assumption"
"FIT-003-CAPACITY-FIT-BY-WEIGHT","Vehicle Fit / Capacity Fit","Output","FIT-003-CAPACITY-FIT-BY-WEIGHT","Capacity Fit By Weight","Calculated result","Vehicle fit, warning engine, vehicle recommendation.","Test Assumption"
"FIT-004-FIT-FAILURE-WARNING","Vehicle Fit / Capacity Fit","Output","FIT-004-FIT-FAILURE-WARNING","Fit Failure Warning","Calculated result","Warning engine, quote save logic, manager approval.","Test Assumption"
"FIT-005-RECOMMENDED-VEHICLE-CHANGE","Vehicle Fit / Capacity Fit","Output","FIT-005-RECOMMENDED-VEHICLE-CHANGE","Recommended Vehicle Change","Calculated result","Broker/admin recommendation, warnings, pricing recalculation.","Test Assumption"
"WARN-001-HEAVY-ITEM","WARNING_ENGINE","Output","WARN-001-HEAVY-ITEM","Heavy Item Warning","Calculated result","Warning list, crew logic, approval workflow.","Test Assumption"
"WARN-002-BULKY-ORDER","WARNING_ENGINE","Variable","VAR-TBE-007","bulkyVolumeThreshold","Input","Warning list, capacity premium, route capacity pricing.","Test Assumption"
"WARN-002-BULKY-ORDER","WARNING_ENGINE","Output","WARN-002-BULKY-ORDER","Bulky Order Warning","Calculated result","Warning list, capacity premium, route capacity pricing.","Test Assumption"
"WARN-003-ITEM-DOES-NOT-FIT-VEHICLE","WARNING_ENGINE","Output","WARN-003-ITEM-DOES-NOT-FIT-VEHICLE","Item Does Not Fit Vehicle","Calculated result","Quote blocking, vehicle recommendation, manager approval.","Test Assumption"
"WARN-004-MORE-THAN-2-PEOPLE","WARNING_ENGINE","Reference","REF-011","Access Conditions","Input","Labor cost, approval workflow, broker warning.","Test Assumption"
"WARN-004-MORE-THAN-2-PEOPLE","WARNING_ENGINE","Reference","REF-TBE-005","Labor","Input","Labor cost, approval workflow, broker warning.","Test Assumption"
"WARN-004-MORE-THAN-2-PEOPLE","WARNING_ENGINE","Output","WARN-004-MORE-THAN-2-PEOPLE","More Than 2 People Required","Calculated result","Labor cost, approval workflow, broker warning.","Test Assumption"
"WARN-005-OUT-OF-ZONE","WARNING_ENGINE","Reference","REF-TBE-001","ZIP Dictionary","Input","Route pricing, approval workflow, quote save logic.","Test Assumption"
"WARN-005-OUT-OF-ZONE","WARNING_ENGINE","Reference","REF-TBE-002","Service Areas","Input","Route pricing, approval workflow, quote save logic.","Test Assumption"
"WARN-005-OUT-OF-ZONE","WARNING_ENGINE","Output","WARN-005-OUT-OF-ZONE","Out Of Zone Warning","Calculated result","Route pricing, approval workflow, quote save logic.","Test Assumption"
"WARN-006-DIRECT-SERVICE-REVIEW","WARNING_ENGINE","Output","WARN-006-DIRECT-SERVICE-REVIEW","Direct Service Review","Calculated result","Direct fee, route recalculation, approval workflow.","Test Assumption"
"WARN-007-MANAGER-APPROVAL-REQUIRED","WARNING_ENGINE","Variable","VAR-WARN-003","managerApprovalRequired","Input","Quote can save, snapshot, audit trail.","Test Assumption"
"WARN-007-MANAGER-APPROVAL-REQUIRED","WARNING_ENGINE","Output","WARN-007-MANAGER-APPROVAL-REQUIRED","Manager Approval Required","Calculated result","Quote can save, snapshot, audit trail.","Test Assumption"
