"Issue ID","Area","Severity","Type","Entity IDs","Entity Name","Finding","Decision","Test Assumption"
"FOR-NORM-001","Formulas","P1","Dependency mapping gap","SYS-001","Numeric value fallback","Review mapping: Variable mapping","Use test assumption for Formula Sprint fixture; assign governed dependency before production.","Use normalized registry example values and current local reference seeds for tests; replace with governed production values before release."
"FOR-NORM-002","Formulas","P2","Related / overlapping formula","ITM-002; TBE-ITM-001","Physical Volume","Related formula IDs describe the same or a more detailed business concept.","Keep all Formula IDs for traceability; use Related Formula IDs as the implementation bridge.",""
"FOR-NORM-003","Formulas","P1","Dependency mapping gap","ITM-004","Effective Volume Multiplier","Review mapping: Variable mapping","Use test assumption for Formula Sprint fixture; assign governed dependency before production.","Use normalized registry example values and current local reference seeds for tests; replace with governed production values before release."
"FOR-NORM-004","Formulas","P2","Related / overlapping formula","ITM-005; TBE-ITM-002","Effective Volume","Related formula IDs describe the same or a more detailed business concept.","Keep all Formula IDs for traceability; use Related Formula IDs as the implementation bridge.",""
"FOR-NORM-005","Formulas","P2","Related / overlapping formula","ITM-010; WARN-001-HEAVY-ITEM","Heavy Item Warning","Related formula IDs describe the same or a more detailed business concept.","Keep all Formula IDs for traceability; use Related Formula IDs as the implementation bridge.",""
"FOR-NORM-006","Formulas","P1","Dependency mapping gap","ITM-012","Bulky Dimension Warning","Review mapping: Variable mapping","Use test assumption for Formula Sprint fixture; assign governed dependency before production.","Use normalized registry example values and current local reference seeds for tests; replace with governed production values before release."
"FOR-NORM-007","Formulas","P2","Related / overlapping formula","VEH-001; TBE-VEH-001","Vehicle Fit","Related formula IDs describe the same or a more detailed business concept.","Keep all Formula IDs for traceability; use Related Formula IDs as the implementation bridge.",""
"FOR-NORM-008","Formulas","P1","Dependency mapping gap","PROT-002","RV Protection Cost","Review mapping: Variable mapping","Use test assumption for Formula Sprint fixture; assign governed dependency before production.","Use normalized registry example values and current local reference seeds for tests; replace with governed production values before release."
"FOR-NORM-009","Formulas","P1","Dependency mapping gap","PROT-003","FVP Protection Cost","Review mapping: Variable mapping","Use test assumption for Formula Sprint fixture; assign governed dependency before production.","Use normalized registry example values and current local reference seeds for tests; replace with governed production values before release."
"FOR-NORM-010","Formulas","P2","Related / overlapping formula","STO-001; TBE-FEE-003","Storage Cost","Related formula IDs describe the same or a more detailed business concept.","Keep all Formula IDs for traceability; use Related Formula IDs as the implementation bridge.",""
"FOR-NORM-011","Formulas","P1","Dependency mapping gap","FUEL-001","Internal Fuel Price","Review mapping: Variable mapping","Use test assumption for Formula Sprint fixture; assign governed dependency before production.","Use normalized registry example values and current local reference seeds for tests; replace with governed production values before release."
"FOR-NORM-012","Formulas","P1","Dependency mapping gap","FUEL-002","Fuel Cost Per Mile","Review mapping: Variable mapping","Use test assumption for Formula Sprint fixture; assign governed dependency before production.","Use normalized registry example values and current local reference seeds for tests; replace with governed production values before release."
"FOR-NORM-013","Formulas","P1","Dependency mapping gap","FUEL-003","Fuel Cost Per Unit Mile","Review mapping: Variable mapping","Use test assumption for Formula Sprint fixture; assign governed dependency before production.","Use normalized registry example values and current local reference seeds for tests; replace with governed production values before release."
"FOR-NORM-014","Formulas","P1","Dependency mapping gap","PICK-001","Pickup Loading Minutes - Volume","Review mapping: Variable mapping","Use test assumption for Formula Sprint fixture; assign governed dependency before production.","Use normalized registry example values and current local reference seeds for tests; replace with governed production values before release."
"FOR-NORM-015","Formulas","P1","Dependency mapping gap","PICK-002","Pickup Loading Minutes - Weight","Review mapping: Variable mapping","Use test assumption for Formula Sprint fixture; assign governed dependency before production.","Use normalized registry example values and current local reference seeds for tests; replace with governed production values before release."
"FOR-NORM-016","Formulas","P1","Dependency mapping gap","DEL-002","Delivery Unloading Minutes - Weight","Review mapping: Variable mapping","Use test assumption for Formula Sprint fixture; assign governed dependency before production.","Use normalized registry example values and current local reference seeds for tests; replace with governed production values before release."
"FOR-NORM-017","Formulas","P1","Dependency mapping gap","DEL-005","Delivery Handling Cost","Review mapping: Variable mapping","Use test assumption for Formula Sprint fixture; assign governed dependency before production.","Use normalized registry example values and current local reference seeds for tests; replace with governed production values before release."
"FOR-NORM-018","Formulas","P1","Dependency mapping gap","INT-001","Interstate Maintenance","Review mapping: Reference mapping","Use test assumption for Formula Sprint fixture; assign governed dependency before production.","Use normalized registry example values and current local reference seeds for tests; replace with governed production values before release."
"FOR-NORM-019","Formulas","P1","Dependency mapping gap","INT-002","Interstate Fuel","Review mapping: Reference mapping","Use test assumption for Formula Sprint fixture; assign governed dependency before production.","Use normalized registry example values and current local reference seeds for tests; replace with governed production values before release."
"FOR-NORM-020","Formulas","P1","Dependency mapping gap","INT-003","Interstate Driver","Review mapping: Reference mapping","Use test assumption for Formula Sprint fixture; assign governed dependency before production.","Use normalized registry example values and current local reference seeds for tests; replace with governed production values before release."
"FOR-NORM-021","Formulas","P1","Dependency mapping gap","INT-004","Interstate Cost","Review mapping: Reference mapping","Use test assumption for Formula Sprint fixture; assign governed dependency before production.","Use normalized registry example values and current local reference seeds for tests; replace with governed production values before release."
"FOR-NORM-022","Formulas","P1","Dependency mapping gap","ACC-004","Access Long Carry Fee","Review mapping: Variable mapping","Use test assumption for Formula Sprint fixture; assign governed dependency before production.","Use normalized registry example values and current local reference seeds for tests; replace with governed production values before release."
"FOR-NORM-023","Formulas","P1","Dependency mapping gap","ACC-005","Access Fees Total","Review mapping: Variable mapping","Use test assumption for Formula Sprint fixture; assign governed dependency before production.","Use normalized registry example values and current local reference seeds for tests; replace with governed production values before release."
"FOR-NORM-024","Formulas","P1","Dependency mapping gap","ADJ-001","Special Labor Cost","Review mapping: Variable mapping","Use test assumption for Formula Sprint fixture; assign governed dependency before production.","Use normalized registry example values and current local reference seeds for tests; replace with governed production values before release."
"FOR-NORM-025","Formulas","P1","Dependency mapping gap","FINAL-017","Item Reference Allocation Method","Review mapping: Reference mapping","Use test assumption for Formula Sprint fixture; assign governed dependency before production.","Use normalized registry example values and current local reference seeds for tests; replace with governed production values before release."
"FOR-NORM-026","Formulas","P1","Dependency mapping gap","FINAL-018","Item Reference Price","Review mapping: Reference mapping","Use test assumption for Formula Sprint fixture; assign governed dependency before production.","Use normalized registry example values and current local reference seeds for tests; replace with governed production values before release."
"FOR-NORM-027","Formulas","P1","Dependency mapping gap","SNAP-001","Estimate Snapshot Formula Version","Review mapping: Variable mapping","Use test assumption for Formula Sprint fixture; assign governed dependency before production.","Use normalized registry example values and current local reference seeds for tests; replace with governed production values before release."
"FOR-NORM-028","Formulas","P1","Dependency mapping gap","TBE-FLOW-001","Calculation Trace","Review mapping: Variable mapping, Reference mapping","Use test assumption for Formula Sprint fixture; assign governed dependency before production.","Use normalized registry example values and current local reference seeds for tests; replace with governed production values before release."
"FOR-NORM-029","Formulas","P1","Dependency mapping gap","TBE-FLOW-002","Build Sequence","Review mapping: Reference mapping","Use test assumption for Formula Sprint fixture; assign governed dependency before production.","Use normalized registry example values and current local reference seeds for tests; replace with governed production values before release."
"FOR-NORM-030","Formulas","P2","Related / overlapping formula","TBE-RTE-001; WARN-006-DIRECT-SERVICE-REVIEW","Route Type","Related formula IDs describe the same or a more detailed business concept.","Keep all Formula IDs for traceability; use Related Formula IDs as the implementation bridge.",""
"FOR-NORM-031","Formulas","P2","Related / overlapping formula","TBE-RTE-002; WARN-005-OUT-OF-ZONE","ZIP Dictionary","Related formula IDs describe the same or a more detailed business concept.","Keep all Formula IDs for traceability; use Related Formula IDs as the implementation bridge.",""
"FOR-NORM-032","Formulas","P1","Dependency mapping gap","TBE-RTE-002","ZIP Dictionary","Review mapping: Variable mapping","Use test assumption for Formula Sprint fixture; assign governed dependency before production.","Use normalized registry example values and current local reference seeds for tests; replace with governed production values before release."
"FOR-NORM-033","Formulas","P2","Related / overlapping formula","TBE-RTE-003; WARN-006-DIRECT-SERVICE-REVIEW","Distance Source","Related formula IDs describe the same or a more detailed business concept.","Keep all Formula IDs for traceability; use Related Formula IDs as the implementation bridge.",""
"FOR-NORM-034","Formulas","P1","Dependency mapping gap","TBE-RTE-003","Distance Source","Review mapping: Variable mapping","Use test assumption for Formula Sprint fixture; assign governed dependency before production.","Use normalized registry example values and current local reference seeds for tests; replace with governed production values before release."
"FOR-NORM-035","Formulas","P2","Related / overlapping formula","TBE-RTE-004; WARN-005-OUT-OF-ZONE","Remote Premium","Related formula IDs describe the same or a more detailed business concept.","Keep all Formula IDs for traceability; use Related Formula IDs as the implementation bridge.",""
"FOR-NORM-036","Formulas","P1","Dependency mapping gap","TBE-RTE-004","Remote Premium","Review mapping: Variable mapping, Reference mapping","Use test assumption for Formula Sprint fixture; assign governed dependency before production.","Use normalized registry example values and current local reference seeds for tests; replace with governed production values before release."
"FOR-NORM-037","Formulas","P2","Related / overlapping formula","TBE-ITM-001; ITM-002","Physical Volume","Related formula IDs describe the same or a more detailed business concept.","Keep all Formula IDs for traceability; use Related Formula IDs as the implementation bridge.",""
"FOR-NORM-038","Formulas","P1","Dependency mapping gap","TBE-ITM-001","Physical Volume","Review mapping: Variable mapping","Use test assumption for Formula Sprint fixture; assign governed dependency before production.","Use normalized registry example values and current local reference seeds for tests; replace with governed production values before release."
"FOR-NORM-039","Formulas","P2","Related / overlapping formula","TBE-ITM-002; ITM-005","Effective Volume","Related formula IDs describe the same or a more detailed business concept.","Keep all Formula IDs for traceability; use Related Formula IDs as the implementation bridge.",""
"FOR-NORM-040","Formulas","P1","Dependency mapping gap","TBE-ITM-002","Effective Volume","Review mapping: Variable mapping","Use test assumption for Formula Sprint fixture; assign governed dependency before production.","Use normalized registry example values and current local reference seeds for tests; replace with governed production values before release."
"FOR-NORM-041","Formulas","P1","Dependency mapping gap","TBE-ITM-003","Effective Height","Review mapping: Reference mapping","Use test assumption for Formula Sprint fixture; assign governed dependency before production.","Use normalized registry example values and current local reference seeds for tests; replace with governed production values before release."
"FOR-NORM-042","Formulas","P1","Dependency mapping gap","TBE-ITM-004","Bulky Premium","Review mapping: Variable mapping, Reference mapping","Use test assumption for Formula Sprint fixture; assign governed dependency before production.","Use normalized registry example values and current local reference seeds for tests; replace with governed production values before release."
"FOR-NORM-043","Formulas","P2","Related / overlapping formula","TBE-VEH-001; VEH-001","Vehicle Fit","Related formula IDs describe the same or a more detailed business concept.","Keep all Formula IDs for traceability; use Related Formula IDs as the implementation bridge.",""
"FOR-NORM-044","Formulas","P1","Dependency mapping gap","TBE-VEH-001","Vehicle Fit","Review mapping: Reference mapping","Use test assumption for Formula Sprint fixture; assign governed dependency before production.","Use normalized registry example values and current local reference seeds for tests; replace with governed production values before release."
"FOR-NORM-045","Formulas","P1","Dependency mapping gap","TBE-LAB-001","Pickup Time","Review mapping: Variable mapping","Use test assumption for Formula Sprint fixture; assign governed dependency before production.","Use normalized registry example values and current local reference seeds for tests; replace with governed production values before release."
"FOR-NORM-046","Formulas","P1","Dependency mapping gap","TBE-LAB-002","Delivery Time","Review mapping: Variable mapping","Use test assumption for Formula Sprint fixture; assign governed dependency before production.","Use normalized registry example values and current local reference seeds for tests; replace with governed production values before release."
"FOR-NORM-047","Formulas","P1","Dependency mapping gap","TBE-DIR-001","Direct Fee","Review mapping: Variable mapping","Use test assumption for Formula Sprint fixture; assign governed dependency before production.","Use normalized registry example values and current local reference seeds for tests; replace with governed production values before release."
"FOR-NORM-048","Formulas","P1","Dependency mapping gap","TBE-INT-001","Linehaul Cost","Review mapping: Variable mapping","Use test assumption for Formula Sprint fixture; assign governed dependency before production.","Use normalized registry example values and current local reference seeds for tests; replace with governed production values before release."
"FOR-NORM-049","Formulas","P1","Dependency mapping gap","TBE-FEE-001","Crate Cost","Review mapping: Variable mapping","Use test assumption for Formula Sprint fixture; assign governed dependency before production.","Use normalized registry example values and current local reference seeds for tests; replace with governed production values before release."
"FOR-NORM-050","Formulas","P1","Dependency mapping gap","TBE-FEE-002","RV / FVP / DV","Review mapping: Variable mapping, Reference mapping","Use test assumption for Formula Sprint fixture; assign governed dependency before production.","Use normalized registry example values and current local reference seeds for tests; replace with governed production values before release."
"FOR-NORM-051","Formulas","P2","Related / overlapping formula","TBE-FEE-003; STO-001","Storage Cost","Related formula IDs describe the same or a more detailed business concept.","Keep all Formula IDs for traceability; use Related Formula IDs as the implementation bridge.",""
"FOR-NORM-052","Formulas","P1","Dependency mapping gap","TBE-ACC-001","Floor / Elevator / COI","Review mapping: Variable mapping","Use test assumption for Formula Sprint fixture; assign governed dependency before production.","Use normalized registry example values and current local reference seeds for tests; replace with governed production values before release."
"FOR-NORM-053","Formulas","P1","Dependency mapping gap","TBE-MGN-002","Discount Guardrail","Review mapping: Variable mapping","Use test assumption for Formula Sprint fixture; assign governed dependency before production.","Use normalized registry example values and current local reference seeds for tests; replace with governed production values before release."
"FOR-NORM-054","Formulas","P1","Dependency mapping gap","TBE-SNAP-001","Immutable Estimate","Review mapping: Variable mapping","Use test assumption for Formula Sprint fixture; assign governed dependency before production.","Use normalized registry example values and current local reference seeds for tests; replace with governed production values before release."
"FOR-NORM-055","Formulas","P1","Dependency mapping gap","TBE-GOV-001","Editable Variable Rule","Review mapping: Variable mapping","Use test assumption for Formula Sprint fixture; assign governed dependency before production.","Use normalized registry example values and current local reference seeds for tests; replace with governed production values before release."
"FOR-NORM-056","Formulas","P1","Dependency mapping gap","TBE-LAB-007","Labor Productivity Rate","Review mapping: Variable mapping","Use test assumption for Formula Sprint fixture; assign governed dependency before production.","Use normalized registry example values and current local reference seeds for tests; replace with governed production values before release."
"FOR-NORM-057","Formulas","P1","Dependency mapping gap","TBE-PAY-002","Crew Overtime Pay","Review mapping: Reference mapping","Use test assumption for Formula Sprint fixture; assign governed dependency before production.","Use normalized registry example values and current local reference seeds for tests; replace with governed production values before release."
"FOR-NORM-058","Formulas","P1","Dependency mapping gap","TBE-PAY-005","Stage Labor Cost Allocation","Review mapping: Variable mapping","Use test assumption for Formula Sprint fixture; assign governed dependency before production.","Use normalized registry example values and current local reference seeds for tests; replace with governed production values before release."
"FOR-NORM-059","Formulas","P1","Dependency mapping gap","TBE-BRK-001","Broker Commission Base","Review mapping: Variable mapping","Use test assumption for Formula Sprint fixture; assign governed dependency before production.","Use normalized registry example values and current local reference seeds for tests; replace with governed production values before release."
"FOR-NORM-060","Formulas","P1","Dependency mapping gap","TBE-DSP-001","Dispatcher Payout Base","Review mapping: Variable mapping","Use test assumption for Formula Sprint fixture; assign governed dependency before production.","Use normalized registry example values and current local reference seeds for tests; replace with governed production values before release."
"FOR-NORM-061","Formulas","P2","Related / overlapping formula","TBE-DSP-002; TBE-MRG-014","Dispatcher Payout","Related formula IDs describe the same or a more detailed business concept.","Keep all Formula IDs for traceability; use Related Formula IDs as the implementation bridge.",""
"FOR-NORM-062","Formulas","P1","Dependency mapping gap","TBE-COST-001","Direct Operational Cost","Review mapping: Variable mapping","Use test assumption for Formula Sprint fixture; assign governed dependency before production.","Use normalized registry example values and current local reference seeds for tests; replace with governed production values before release."
"FOR-NORM-063","Formulas","P2","Related / overlapping formula","TBE-CAP-001; INT-CAP-002-VOLUME-UTILIZATION; FIT-002-CAPACITY-FIT-BY-VOLUME","Vehicle Space Utilization","Related formula IDs describe the same or a more detailed business concept.","Keep all Formula IDs for traceability; use Related Formula IDs as the implementation bridge.",""
"FOR-NORM-064","Formulas","P1","Dependency mapping gap","TBE-CAP-001","Vehicle Space Utilization","Review mapping: Reference mapping","Use test assumption for Formula Sprint fixture; assign governed dependency before production.","Use normalized registry example values and current local reference seeds for tests; replace with governed production values before release."
"FOR-NORM-065","Formulas","P2","Related / overlapping formula","TBE-CAP-002; INT-CAP-003-PAYLOAD-UTILIZATION; FIT-003-CAPACITY-FIT-BY-WEIGHT","Payload Utilization","Related formula IDs describe the same or a more detailed business concept.","Keep all Formula IDs for traceability; use Related Formula IDs as the implementation bridge.",""
"FOR-NORM-066","Formulas","P1","Dependency mapping gap","TBE-CAP-002","Payload Utilization","Review mapping: Variable mapping, Reference mapping","Use test assumption for Formula Sprint fixture; assign governed dependency before production.","Use normalized registry example values and current local reference seeds for tests; replace with governed production values before release."
"FOR-NORM-067","Formulas","P2","Related / overlapping formula","TBE-CAP-004; WARN-002-BULKY-ORDER","Bulky Capacity Premium","Related formula IDs describe the same or a more detailed business concept.","Keep all Formula IDs for traceability; use Related Formula IDs as the implementation bridge.",""
"FOR-NORM-068","Formulas","P1","Dependency mapping gap","TBE-REV-001","Customer Revenue","Review mapping: Variable mapping","Use test assumption for Formula Sprint fixture; assign governed dependency before production.","Use normalized registry example values and current local reference seeds for tests; replace with governed production values before release."
"FOR-NORM-069","Formulas","P2","Related / overlapping formula","TBE-VEH-002; FIT-001-DIMENSIONAL-FIT","Vehicle Dimensional Fit","Related formula IDs describe the same or a more detailed business concept.","Keep all Formula IDs for traceability; use Related Formula IDs as the implementation bridge.",""
"FOR-NORM-070","Formulas","P1","Dependency mapping gap","TBE-VEH-003","Door Opening Fit","Review mapping: Reference mapping","Use test assumption for Formula Sprint fixture; assign governed dependency before production.","Use normalized registry example values and current local reference seeds for tests; replace with governed production values before release."
"FOR-NORM-071","Formulas","P1","Dependency mapping gap","TBE-VEH-005","Side Transport Review","Review mapping: Reference mapping","Use test assumption for Formula Sprint fixture; assign governed dependency before production.","Use normalized registry example values and current local reference seeds for tests; replace with governed production values before release."
"FOR-NORM-072","Formulas","P2","Related / overlapping formula","TBE-VEH-006; FIT-005-RECOMMENDED-VEHICLE-CHANGE","Higher Body Vehicle / Box Truck Recommended","Related formula IDs describe the same or a more detailed business concept.","Keep all Formula IDs for traceability; use Related Formula IDs as the implementation bridge.",""
"FOR-NORM-073","Formulas","P1","Dependency mapping gap","TBE-VEH-006","Higher Body Vehicle / Box Truck Recommended","Review mapping: Reference mapping","Use test assumption for Formula Sprint fixture; assign governed dependency before production.","Use normalized registry example values and current local reference seeds for tests; replace with governed production values before release."
"FOR-NORM-074","Formulas","P1","Dependency mapping gap","TBE-VEH-008","Final Vehicle Eligibility","Review mapping: Reference mapping","Use test assumption for Formula Sprint fixture; assign governed dependency before production.","Use normalized registry example values and current local reference seeds for tests; replace with governed production values before release."
"FOR-NORM-075","Formulas","P1","Dependency mapping gap","TBE-CAP-005","Shipment Density","Review mapping: Reference mapping","Use test assumption for Formula Sprint fixture; assign governed dependency before production.","Use normalized registry example values and current local reference seeds for tests; replace with governed production values before release."
"FOR-NORM-076","Formulas","P2","Related / overlapping formula","TBE-CAP-006; INT-CAP-001-DENSITY-THRESHOLD","Vehicle Density Capacity","Related formula IDs describe the same or a more detailed business concept.","Keep all Formula IDs for traceability; use Related Formula IDs as the implementation bridge.",""
"FOR-NORM-077","Formulas","P1","Dependency mapping gap","TBE-CAP-006","Vehicle Density Capacity","Review mapping: Reference mapping","Use test assumption for Formula Sprint fixture; assign governed dependency before production.","Use normalized registry example values and current local reference seeds for tests; replace with governed production values before release."
"FOR-NORM-078","Formulas","P2","Related / overlapping formula","TBE-CAP-007; INT-CAP-004-CAPACITY-CONSTRAINT-SELECTOR; INT-CAP-006-VOLUME-LIMITED-LOAD; INT-CAP-007-WEIGHT-LIMITED-LOAD","Capacity Constraint Type","Related formula IDs describe the same or a more detailed business concept.","Keep all Formula IDs for traceability; use Related Formula IDs as the implementation bridge.",""
"FOR-NORM-079","Formulas","P1","Dependency mapping gap","TBE-CAP-007","Capacity Constraint Type","Review mapping: Reference mapping","Use test assumption for Formula Sprint fixture; assign governed dependency before production.","Use normalized registry example values and current local reference seeds for tests; replace with governed production values before release."
"FOR-NORM-080","Formulas","P2","Related / overlapping formula","TBE-CAP-008; INT-CAP-005-INTERSTATE-COST-BASIS","Limiting Capacity Factor","Related formula IDs describe the same or a more detailed business concept.","Keep all Formula IDs for traceability; use Related Formula IDs as the implementation bridge.",""
"FOR-NORM-081","Formulas","P1","Dependency mapping gap","TBE-CAP-008","Limiting Capacity Factor","Review mapping: Reference mapping","Use test assumption for Formula Sprint fixture; assign governed dependency before production.","Use normalized registry example values and current local reference seeds for tests; replace with governed production values before release."
"FOR-NORM-082","Formulas","P2","Related / overlapping formula","TBE-CAP-009; INT-CAP-005-INTERSTATE-COST-BASIS","Interstate Capacity Cost","Related formula IDs describe the same or a more detailed business concept.","Keep all Formula IDs for traceability; use Related Formula IDs as the implementation bridge.",""
"FOR-NORM-083","Formulas","P2","Related / overlapping formula","TBE-CAP-010; INT-CAP-005-INTERSTATE-COST-BASIS","Legacy Dual Cost Guardrail","Related formula IDs describe the same or a more detailed business concept.","Keep all Formula IDs for traceability; use Related Formula IDs as the implementation bridge.",""
"FOR-NORM-084","Formulas","P1","Dependency mapping gap","TBE-CAP-010","Legacy Dual Cost Guardrail","Review mapping: Variable mapping, Reference mapping","Use test assumption for Formula Sprint fixture; assign governed dependency before production.","Use normalized registry example values and current local reference seeds for tests; replace with governed production values before release."
"FOR-NORM-085","Formulas","P1","Dependency mapping gap","TBE-CAP-011","Capacity Overflow Flag","Review mapping: Reference mapping","Use test assumption for Formula Sprint fixture; assign governed dependency before production.","Use normalized registry example values and current local reference seeds for tests; replace with governed production values before release."
"FOR-NORM-086","Formulas","P1","Dependency mapping gap","TBE-TIME-011","Historical Time Calibration","Review mapping: Variable mapping","Use test assumption for Formula Sprint fixture; assign governed dependency before production.","Use normalized registry example values and current local reference seeds for tests; replace with governed production values before release."
"FOR-NORM-087","Formulas","P2","Related / overlapping formula","TBE-TIME-012; LAB-TIME-001-VOLUME-BASED-HANDLING-TIME; LAB-TIME-002-WEIGHT-BASED-HANDLING-TIME; LAB-TIME-003-HANDLING-TIME-SELECTOR; LAB-TIME-006-PICKUP-TIME-COEFFICIENT","Pickup Loading Minutes","Related formula IDs describe the same or a more detailed business concept.","Keep all Formula IDs for traceability; use Related Formula IDs as the implementation bridge.",""
"FOR-NORM-088","Formulas","P2","Related / overlapping formula","TBE-TIME-013; LAB-TIME-004-PICKUP-DELIVERY-TIME-SPLIT; LAB-TIME-007-DELIVERY-TIME-COEFFICIENT","Delivery Unloading Minutes","Related formula IDs describe the same or a more detailed business concept.","Keep all Formula IDs for traceability; use Related Formula IDs as the implementation bridge.",""
"FOR-NORM-089","Formulas","P2","Related / overlapping formula","TBE-TIME-014; LAB-TIME-005-MINIMUM-HANDLING-TIME","Helper Paid Minutes","Related formula IDs describe the same or a more detailed business concept.","Keep all Formula IDs for traceability; use Related Formula IDs as the implementation bridge.",""
"FOR-NORM-090","Formulas","P1","Dependency mapping gap","TBE-TIME-015","Fully Loaded Labor Cost","Review mapping: Variable mapping","Use test assumption for Formula Sprint fixture; assign governed dependency before production.","Use normalized registry example values and current local reference seeds for tests; replace with governed production values before release."
"FOR-NORM-091","Formulas","P1","Dependency mapping gap","TBE-WARN-001","Warning Rule Evaluation","Review mapping: Reference mapping","Use test assumption for Formula Sprint fixture; assign governed dependency before production.","Use normalized registry example values and current local reference seeds for tests; replace with governed production values before release."
"FOR-NORM-092","Formulas","P2","Related / overlapping formula","TBE-WARN-002; FIT-002-CAPACITY-FIT-BY-VOLUME; FIT-003-CAPACITY-FIT-BY-WEIGHT; FIT-004-FIT-FAILURE-WARNING; WARN-003-ITEM-DOES-NOT-FIT-VEHICLE","Vehicle Fit Warning","Related formula IDs describe the same or a more detailed business concept.","Keep all Formula IDs for traceability; use Related Formula IDs as the implementation bridge.",""
"FOR-NORM-093","Formulas","P1","Dependency mapping gap","TBE-WARN-002","Vehicle Fit Warning","Review mapping: Reference mapping","Use test assumption for Formula Sprint fixture; assign governed dependency before production.","Use normalized registry example values and current local reference seeds for tests; replace with governed production values before release."
"FOR-NORM-094","Formulas","P2","Related / overlapping formula","TBE-WARN-003; WARN-001-HEAVY-ITEM; WARN-004-MORE-THAN-2-PEOPLE","Crew Review Warning","Related formula IDs describe the same or a more detailed business concept.","Keep all Formula IDs for traceability; use Related Formula IDs as the implementation bridge.",""
"FOR-NORM-095","Formulas","P1","Dependency mapping gap","TBE-WARN-003","Crew Review Warning","Review mapping: Variable mapping","Use test assumption for Formula Sprint fixture; assign governed dependency before production.","Use normalized registry example values and current local reference seeds for tests; replace with governed production values before release."
"FOR-NORM-096","Formulas","P2","Related / overlapping formula","TBE-WARN-004; WARN-007-MANAGER-APPROVAL-REQUIRED","Quote Can Save","Related formula IDs describe the same or a more detailed business concept.","Keep all Formula IDs for traceability; use Related Formula IDs as the implementation bridge.",""
"FOR-NORM-097","Formulas","P1","Dependency mapping gap","TBE-MRG-011","Contribution Margin","Review mapping: Reference mapping","Use test assumption for Formula Sprint fixture; assign governed dependency before production.","Use normalized registry example values and current local reference seeds for tests; replace with governed production values before release."
"FOR-NORM-098","Formulas","P1","Dependency mapping gap","TBE-MRG-013","Broker Payout","Review mapping: Reference mapping","Use test assumption for Formula Sprint fixture; assign governed dependency before production.","Use normalized registry example values and current local reference seeds for tests; replace with governed production values before release."
"FOR-NORM-099","Formulas","P2","Related / overlapping formula","TBE-MRG-014; TBE-DSP-002","Dispatcher Payout","Related formula IDs describe the same or a more detailed business concept.","Keep all Formula IDs for traceability; use Related Formula IDs as the implementation bridge.",""
"FOR-NORM-100","Formulas","P1","Dependency mapping gap","TBE-MRG-014","Dispatcher Payout","Review mapping: Reference mapping","Use test assumption for Formula Sprint fixture; assign governed dependency before production.","Use normalized registry example values and current local reference seeds for tests; replace with governed production values before release."
"FOR-NORM-101","Formulas","P1","Dependency mapping gap","TBE-RTE-011","Manual ZIP Override","Review mapping: Variable mapping","Use test assumption for Formula Sprint fixture; assign governed dependency before production.","Use normalized registry example values and current local reference seeds for tests; replace with governed production values before release."
"FOR-NORM-102","Formulas","P1","Dependency mapping gap","TBE-SNAP-002","Variable Snapshot","Review mapping: Variable mapping","Use test assumption for Formula Sprint fixture; assign governed dependency before production.","Use normalized registry example values and current local reference seeds for tests; replace with governed production values before release."
"FOR-NORM-103","Formulas","P1","Dependency mapping gap","TBE-SNAP-003","Reference Snapshot","Review mapping: Variable mapping","Use test assumption for Formula Sprint fixture; assign governed dependency before production.","Use normalized registry example values and current local reference seeds for tests; replace with governed production values before release."
"FOR-NORM-104","Formulas","P2","Related / overlapping formula","INT-CAP-001-DENSITY-THRESHOLD; TBE-CAP-006","Density Threshold","Related formula IDs describe the same or a more detailed business concept.","Keep all Formula IDs for traceability; use Related Formula IDs as the implementation bridge.",""
"FOR-NORM-105","Formulas","P1","Dependency mapping gap","INT-CAP-001-DENSITY-THRESHOLD","Density Threshold","Review mapping: Variable mapping, Reference mapping","Use test assumption for Formula Sprint fixture; assign governed dependency before production.","Use normalized registry example values and current local reference seeds for tests; replace with governed production values before release."
"FOR-NORM-106","Formulas","P2","Related / overlapping formula","INT-CAP-002-VOLUME-UTILIZATION; TBE-CAP-001","Volume Utilization","Related formula IDs describe the same or a more detailed business concept.","Keep all Formula IDs for traceability; use Related Formula IDs as the implementation bridge.",""
"FOR-NORM-107","Formulas","P1","Dependency mapping gap","INT-CAP-002-VOLUME-UTILIZATION","Volume Utilization","Review mapping: Variable mapping, Reference mapping","Use test assumption for Formula Sprint fixture; assign governed dependency before production.","Use normalized registry example values and current local reference seeds for tests; replace with governed production values before release."
"FOR-NORM-108","Formulas","P2","Related / overlapping formula","INT-CAP-003-PAYLOAD-UTILIZATION; TBE-CAP-002","Payload Utilization","Related formula IDs describe the same or a more detailed business concept.","Keep all Formula IDs for traceability; use Related Formula IDs as the implementation bridge.",""
"FOR-NORM-109","Formulas","P1","Dependency mapping gap","INT-CAP-003-PAYLOAD-UTILIZATION","Payload Utilization","Review mapping: Variable mapping, Reference mapping","Use test assumption for Formula Sprint fixture; assign governed dependency before production.","Use normalized registry example values and current local reference seeds for tests; replace with governed production values before release."
"FOR-NORM-110","Formulas","P2","Related / overlapping formula","INT-CAP-004-CAPACITY-CONSTRAINT-SELECTOR; TBE-CAP-007","Capacity Constraint Selector","Related formula IDs describe the same or a more detailed business concept.","Keep all Formula IDs for traceability; use Related Formula IDs as the implementation bridge.",""
"FOR-NORM-111","Formulas","P2","Related / overlapping formula","INT-CAP-005-INTERSTATE-COST-BASIS; TBE-CAP-008; TBE-CAP-009; TBE-CAP-010","Interstate Cost Basis","Related formula IDs describe the same or a more detailed business concept.","Keep all Formula IDs for traceability; use Related Formula IDs as the implementation bridge.",""
"FOR-NORM-112","Formulas","P2","Related / overlapping formula","INT-CAP-006-VOLUME-LIMITED-LOAD; TBE-CAP-007","Volume Limited Load","Related formula IDs describe the same or a more detailed business concept.","Keep all Formula IDs for traceability; use Related Formula IDs as the implementation bridge.",""
"FOR-NORM-113","Formulas","P2","Related / overlapping formula","INT-CAP-007-WEIGHT-LIMITED-LOAD; TBE-CAP-007","Weight Limited Load","Related formula IDs describe the same or a more detailed business concept.","Keep all Formula IDs for traceability; use Related Formula IDs as the implementation bridge.",""
"FOR-NORM-114","Formulas","P2","Related / overlapping formula","LAB-TIME-001-VOLUME-BASED-HANDLING-TIME; TBE-TIME-012","Volume Based Handling Time","Related formula IDs describe the same or a more detailed business concept.","Keep all Formula IDs for traceability; use Related Formula IDs as the implementation bridge.",""
"FOR-NORM-115","Formulas","P2","Related / overlapping formula","LAB-TIME-002-WEIGHT-BASED-HANDLING-TIME; TBE-TIME-012","Weight Based Handling Time","Related formula IDs describe the same or a more detailed business concept.","Keep all Formula IDs for traceability; use Related Formula IDs as the implementation bridge.",""
"FOR-NORM-116","Formulas","P2","Related / overlapping formula","LAB-TIME-003-HANDLING-TIME-SELECTOR; TBE-TIME-012","Handling Time Selector","Related formula IDs describe the same or a more detailed business concept.","Keep all Formula IDs for traceability; use Related Formula IDs as the implementation bridge.",""
"FOR-NORM-117","Formulas","P2","Related / overlapping formula","LAB-TIME-004-PICKUP-DELIVERY-TIME-SPLIT; TBE-TIME-013","Pickup / Delivery Time Split","Related formula IDs describe the same or a more detailed business concept.","Keep all Formula IDs for traceability; use Related Formula IDs as the implementation bridge.",""
"FOR-NORM-118","Formulas","P2","Related / overlapping formula","LAB-TIME-005-MINIMUM-HANDLING-TIME; TBE-TIME-014","Minimum Handling Time","Related formula IDs describe the same or a more detailed business concept.","Keep all Formula IDs for traceability; use Related Formula IDs as the implementation bridge.",""
"FOR-NORM-119","Formulas","P2","Related / overlapping formula","LAB-TIME-006-PICKUP-TIME-COEFFICIENT; TBE-TIME-012","Pickup Time Coefficient","Related formula IDs describe the same or a more detailed business concept.","Keep all Formula IDs for traceability; use Related Formula IDs as the implementation bridge.",""
"FOR-NORM-120","Formulas","P2","Related / overlapping formula","LAB-TIME-007-DELIVERY-TIME-COEFFICIENT; TBE-TIME-013","Delivery Time Coefficient","Related formula IDs describe the same or a more detailed business concept.","Keep all Formula IDs for traceability; use Related Formula IDs as the implementation bridge.",""
"FOR-NORM-121","Formulas","P2","Related / overlapping formula","FIT-001-DIMENSIONAL-FIT; TBE-VEH-002","Dimensional Fit","Related formula IDs describe the same or a more detailed business concept.","Keep all Formula IDs for traceability; use Related Formula IDs as the implementation bridge.",""
"FOR-NORM-122","Formulas","P1","Dependency mapping gap","FIT-001-DIMENSIONAL-FIT","Dimensional Fit","Review mapping: Reference mapping","Use test assumption for Formula Sprint fixture; assign governed dependency before production.","Use normalized registry example values and current local reference seeds for tests; replace with governed production values before release."
"FOR-NORM-123","Formulas","P2","Related / overlapping formula","FIT-002-CAPACITY-FIT-BY-VOLUME; TBE-CAP-001; TBE-WARN-002","Capacity Fit By Volume","Related formula IDs describe the same or a more detailed business concept.","Keep all Formula IDs for traceability; use Related Formula IDs as the implementation bridge.",""
"FOR-NORM-124","Formulas","P1","Dependency mapping gap","FIT-002-CAPACITY-FIT-BY-VOLUME","Capacity Fit By Volume","Review mapping: Variable mapping, Reference mapping","Use test assumption for Formula Sprint fixture; assign governed dependency before production.","Use normalized registry example values and current local reference seeds for tests; replace with governed production values before release."
"FOR-NORM-125","Formulas","P2","Related / overlapping formula","FIT-003-CAPACITY-FIT-BY-WEIGHT; TBE-CAP-002; TBE-WARN-002","Capacity Fit By Weight","Related formula IDs describe the same or a more detailed business concept.","Keep all Formula IDs for traceability; use Related Formula IDs as the implementation bridge.",""
"FOR-NORM-126","Formulas","P1","Dependency mapping gap","FIT-003-CAPACITY-FIT-BY-WEIGHT","Capacity Fit By Weight","Review mapping: Reference mapping","Use test assumption for Formula Sprint fixture; assign governed dependency before production.","Use normalized registry example values and current local reference seeds for tests; replace with governed production values before release."
"FOR-NORM-127","Formulas","P2","Related / overlapping formula","FIT-004-FIT-FAILURE-WARNING; TBE-WARN-002","Fit Failure Warning","Related formula IDs describe the same or a more detailed business concept.","Keep all Formula IDs for traceability; use Related Formula IDs as the implementation bridge.",""
"FOR-NORM-128","Formulas","P1","Dependency mapping gap","FIT-004-FIT-FAILURE-WARNING","Fit Failure Warning","Review mapping: Reference mapping","Use test assumption for Formula Sprint fixture; assign governed dependency before production.","Use normalized registry example values and current local reference seeds for tests; replace with governed production values before release."
"FOR-NORM-129","Formulas","P2","Related / overlapping formula","FIT-005-RECOMMENDED-VEHICLE-CHANGE; TBE-VEH-006","Recommended Vehicle Change","Related formula IDs describe the same or a more detailed business concept.","Keep all Formula IDs for traceability; use Related Formula IDs as the implementation bridge.",""
"FOR-NORM-130","Formulas","P1","Dependency mapping gap","FIT-005-RECOMMENDED-VEHICLE-CHANGE","Recommended Vehicle Change","Review mapping: Reference mapping","Use test assumption for Formula Sprint fixture; assign governed dependency before production.","Use normalized registry example values and current local reference seeds for tests; replace with governed production values before release."
"FOR-NORM-131","Formulas","P2","Related / overlapping formula","WARN-001-HEAVY-ITEM; TBE-WARN-003; ITM-010","Heavy Item Warning","Related formula IDs describe the same or a more detailed business concept.","Keep all Formula IDs for traceability; use Related Formula IDs as the implementation bridge.",""
"FOR-NORM-132","Formulas","P1","Dependency mapping gap","WARN-001-HEAVY-ITEM","Heavy Item Warning","Review mapping: Variable mapping","Use test assumption for Formula Sprint fixture; assign governed dependency before production.","Use normalized registry example values and current local reference seeds for tests; replace with governed production values before release."
"FOR-NORM-133","Formulas","P2","Related / overlapping formula","WARN-002-BULKY-ORDER; TBE-CAP-004","Bulky Order Warning","Related formula IDs describe the same or a more detailed business concept.","Keep all Formula IDs for traceability; use Related Formula IDs as the implementation bridge.",""
"FOR-NORM-134","Formulas","P2","Related / overlapping formula","WARN-003-ITEM-DOES-NOT-FIT-VEHICLE; TBE-WARN-002","Item Does Not Fit Vehicle","Related formula IDs describe the same or a more detailed business concept.","Keep all Formula IDs for traceability; use Related Formula IDs as the implementation bridge.",""
"FOR-NORM-135","Formulas","P1","Dependency mapping gap","WARN-003-ITEM-DOES-NOT-FIT-VEHICLE","Item Does Not Fit Vehicle","Review mapping: Reference mapping","Use test assumption for Formula Sprint fixture; assign governed dependency before production.","Use normalized registry example values and current local reference seeds for tests; replace with governed production values before release."
"FOR-NORM-136","Formulas","P2","Related / overlapping formula","WARN-004-MORE-THAN-2-PEOPLE; TBE-WARN-003","More Than 2 People Required","Related formula IDs describe the same or a more detailed business concept.","Keep all Formula IDs for traceability; use Related Formula IDs as the implementation bridge.",""
"FOR-NORM-137","Formulas","P2","Related / overlapping formula","WARN-005-OUT-OF-ZONE; TBE-RTE-002; TBE-RTE-004","Out Of Zone Warning","Related formula IDs describe the same or a more detailed business concept.","Keep all Formula IDs for traceability; use Related Formula IDs as the implementation bridge.",""
"FOR-NORM-138","Formulas","P2","Related / overlapping formula","WARN-006-DIRECT-SERVICE-REVIEW; TBE-RTE-001; TBE-RTE-003","Direct Service Review","Related formula IDs describe the same or a more detailed business concept.","Keep all Formula IDs for traceability; use Related Formula IDs as the implementation bridge.",""
"FOR-NORM-139","Formulas","P1","Dependency mapping gap","WARN-006-DIRECT-SERVICE-REVIEW","Direct Service Review","Review mapping: Variable mapping","Use test assumption for Formula Sprint fixture; assign governed dependency before production.","Use normalized registry example values and current local reference seeds for tests; replace with governed production values before release."
"FOR-NORM-140","Formulas","P2","Related / overlapping formula","WARN-007-MANAGER-APPROVAL-REQUIRED; TBE-WARN-004","Manager Approval Required","Related formula IDs describe the same or a more detailed business concept.","Keep all Formula IDs for traceability; use Related Formula IDs as the implementation bridge.",""
"FOR-NORM-141","Formulas","P1","Dependency mapping gap","WARN-007-MANAGER-APPROVAL-REQUIRED","Manager Approval Required","Review mapping: Reference mapping","Use test assumption for Formula Sprint fixture; assign governed dependency before production.","Use normalized registry example values and current local reference seeds for tests; replace with governed production values before release."
"VAR-NORM-001","Variables","P2","Alias / duplicate name","VAR-004; VAR-TBE-002","marginRate","Multiple IDs use the same normalized business name.","Use VAR-TBE-002 as canonical; retain other IDs as aliases.","Use documented example value when present; otherwise use 0 in test fixtures only."
"VAR-NORM-002","Variables","P2","Alias / duplicate name","VAR-005; VAR-TBE-003","brokerFeeRate","Multiple IDs use the same normalized business name.","Use VAR-TBE-003 as canonical; retain other IDs as aliases.","Use documented example value when present; otherwise use 0 in test fixtures only."
"VAR-NORM-003","Variables","P2","Alias / duplicate name","VAR-018; VAR-TBE-014","managementFee","Multiple IDs use the same normalized business name.","Use VAR-TBE-014 as canonical; retain other IDs as aliases.","Use documented example value when present; otherwise use 0 in test fixtures only."
"VAR-NORM-004","Variables","P2","Alias / duplicate name","VAR-TBE-018; VAR-MRG-003","brokerCommissionRate","Multiple IDs use the same normalized business name.","Use VAR-TBE-018 as canonical; retain other IDs as aliases.","Use documented example value when present; otherwise use 0 in test fixtures only."
"REF-NORM-001","References","P2","Alias / duplicate name","REF-004; REF-TBE-001","ZIP Dictionary","Multiple IDs use the same normalized business name.","Use REF-TBE-001 as canonical; retain other IDs as aliases.","Use current local seed/reference fixture for tests; production source and owner remain required."
"REF-NORM-002","References","P2","Alias / duplicate name","REF-010; REF-TBE-008","Protection Plans","Multiple IDs use the same normalized business name.","Use REF-TBE-008 as canonical; retain other IDs as aliases.","Use current local seed/reference fixture for tests; production source and owner remain required."
