"ID","Блок","Название формулы / переменной","Формульный расчет","Описание логики на русском","Откуда берется","Куда передается","Статус"
"TOBE-FLOW-001","Formula Trace","Calculation Trace","input + source + variable + formula = result -> next block","Для каждой важной строки расчета нужно хранить проверяемую цепочку: что взяли, откуда, на что умножили, какой результат получили и куда он пошел дальше.","Все calculation blocks, variables, references.","Admin Cost Breakdown, audit snapshot.","Нужно утвердить"
"TOBE-FLOW-002","Final Price Build Order","Build Sequence","Inputs -> Route -> Items -> Vehicle/Crew -> Stages -> Fees -> Cost Base -> Margin/Fee/Discount -> Rounding -> Snapshot","Фиксирует порядок, в котором строится цена. Это главный контроль margin и воспроизводимости.","Pricing engine architecture.","Developer Formula Sprint implementation.","Нужно утвердить"
"TOBE-RTE-001","Route Type Pricing","Route Type","routeType = consolidated / direct / specificDate / dedicated / corridor / remote / outOfZone","Заявка должна получить тип маршрута до расчета цены, потому что direct/specific-date/corridor/remote имеют другую экономику.","Pickup ZIP, delivery ZIP, service flags, ZIP dictionary.","Route, pickup, interstate, delivery pricing.","Нужно утвердить"
"TOBE-RTE-002","ZIP / Service Area","ZIP Dictionary","ZIP -> serviceArea -> branch/warehouse -> zoneClass","ZIP dictionary должен быть отдельным справочником, а не частью формулы. Service area задает branch, warehouse point и zone class.","ZIP dictionary, service areas reference.","Distance, route support, zone fees.","Нужен источник данных"
"TOBE-RTE-003","Route / Distance","Distance Source","IF direct/specificDate THEN exact/recalculated miles ELSE approved average/local distance","Для обычного consolidated route можно использовать approved average distance по зоне/филиалу; для direct/specific date нужно пересчитывать mileage.","Warehouse point, distance source, historical metrics.","Pickup/delivery mileage, direct fee, interstate cost.","Нужно утвердить"
"TOBE-RTE-004","Remote / Corridor","Remote Premium","IF zoneClass = remote THEN cost x remoteCoefficient OR fixedRemoteFee","Удаленные зоны должны иметь отдельное правило доплаты, чтобы road cost не съедал margin.","ZIP/service area density analysis.","Route subtotal or service fee.","Нужно утвердить"
"TOBE-ITM-001","Item Calculations","Physical Volume","(Length x Width x Height / 1728) x Quantity","Считает физический объем item в cubic feet с учетом количества.","Item row / Quick Quote catalog transfer / item catalog defaults.","Effective volume, vehicle fit, total volume.","Готово к Formula Sprint"
"TOBE-ITM-002","Item Calculations","Effective Volume","physicalVolume adjusted by stackability / fragile / crate / bulky / handling coefficients","Считает operational volume, который отражает не только физический размер, но и сложность перевозки.","Item row flags, catalog defaults, variables.","Vehicle fit, crew logic, labor model.","Нужно определить формулу"
"TOBE-ITM-003","Non-stack","Effective Height","IF nonStack = TRUE THEN 96 in ELSE item height","Если предмет non-stackable, он занимает высоту 8 ft / 96 in для effective volume.","Item row non-stack checkbox, item height.","Effective volume.","Нужно утвердить"
"TOBE-ITM-004","Bulky / Moving","Bulky Premium","IF totalVolume >= bulkyThreshold THEN bulkyPremium/reviewFlag","Большие moving-like заказы должны получать premium или обязательный review, чтобы быть выгодными.","Total volume, item count, route type.","Vehicle/crew/direct review/final price.","Нужно утвердить"
"TOBE-VEH-001","Vehicle","Vehicle Fit","select smallest vehicle where capacityVolume >= effectiveVolume AND capacityWeight >= totalWeight","Vehicle выбирается по справочнику capacity, а не вручную и не hardcoded.","Effective volume, total weight, vehicle reference.","Interstate cost, local operations.","Нужен справочник"
"TOBE-CREW-001","Crew","Crew Split","pickupCrew = f(pickup complexity); deliveryCrew = f(delivery complexity)","Pickup crew и delivery crew считаются отдельно, потому что pickup и delivery имеют разную трудоемкость.","Item totals, access conditions, labor reference.","Pickup labor, delivery labor.","Нужно определить формулу"
"TOBE-LAB-001","Labor","Pickup Time","basePickupTime + itemCountRate + volumeRate + weightRate + accessImpact","Pickup time считается отдельно и может быть существенно выше delivery.","Item totals, pickup access fields, time metrics.","Pickup labor subtotal.","Нужны данные"
"TOBE-LAB-002","Labor","Delivery Time","baseDeliveryTime + itemCountRate + volumeRate + weightRate + accessImpact","Delivery time должен иметь собственные коэффициенты, не копировать pickup.","Item totals, delivery access fields, time metrics.","Delivery labor subtotal.","Нужны данные"
"TOBE-DIR-001","Direct / Specific Date","Direct Fee","IF direct/specificDate THEN fixedFee + exactMiles x mileageFee ELSE 0","Direct или specific-date service добавляет fixed fee и mileage fee; distance может пересчитываться отдельно.","Direct flag, specific date, distance source.","Pickup/direct/delivery subtotal.","Нужно утвердить"
"TOBE-INT-001","Interstate","Linehaul Cost","interstateMiles x vehicle/route cost variables + fuel + driver + route premium","Interstate stage должен учитывать route type, distance, vehicle, fuel, driver and route premium.","Distance matrix, vehicle reference, fuel reference.","Interstate subtotal.","Нужно утвердить"
"TOBE-FEE-001","Custom Crate","Crate Cost","surfaceArea x materialPrice x wasteCoefficient + laborHours x laborRate + margin","Crate считается от площади внешних размеров, материала, waste/cuts, labor и margin.","Item dimensions, material reference, labor reference.","Packaging/crate subtotal.","Нужно утвердить"
"TOBE-FEE-002","Protection","RV / FVP / DV","RV = included; FVP = declaredValue x rate + fixedFee once per order; DV = future/confirmation","Protection pricing должен использовать declared value, а не item reference price. FVP fixed fee применяется один раз на order.","Protection plan field, declared value input, protection reference.","Protection cost, customer wording.","Нужно legal/finance approval"
"TOBE-FEE-003","Storage","Storage Cost","billableVolume x storageDays x storageRate","Storage остается отдельным cost component и должен сохранять совместимость со старыми estimate snapshots.","Item storage fields, volume, storage variables.","Service fees subtotal, snapshot.","Сохраняем compatibility"
"TOBE-ACC-001","Access","Floor / Elevator / COI","approved access rule by stage; avoid double-counting with labor time","Access условия могут быть fee или time impact, но не должны дублироваться в labor.","Floor, elevator, COI, stairs, long carry.","Pickup/delivery/service subtotal.","Нужно утвердить"
"TOBE-MGN-001","Margin","Margin Application","marginAmount = approvedCostBase x marginRate","Margin применяется к утвержденной cost base в утвержденном порядке.","Stage subtotals, service fees, margin variable.","Raw customer price.","Нужно утвердить"
"TOBE-MGN-002","Discount","Discount Guardrail","discount applies after approved margin/fee step and checks margin floor","Discount должен быть auditable и не должен ломать минимальную прибыльность.","Discount input, approval reason, margin floor.","Final raw price, audit.","Нужно определить формулу"
"TOBE-FINAL-001","Final Total","Rounding","finalCustomerPrice = CEILING(rawCustomerPrice, roundingIncrement)","Клиент видит округленную цену без лишних cents; raw price и rounding delta сохраняются внутри.","Raw customer price, rounding variable.","Estimate Document, snapshot.","Нужно утвердить"
"TOBE-SNAP-001","Snapshot","Immutable Estimate","snapshot = quote + result + trace + formulaVersion + variablesSnapshot + referencesVersion","Estimate должен быть frozen snapshot. Draft может пересчитываться, estimate не должен silently recalc.","Pricing result, quote payload, variables, references.","My Estimates, Cost Breakdown, audit.","Обязательное правило"
"TOBE-GOV-001","Variable Governance","Editable Variable Rule","editableVariable = hasOwner AND hasApprovalRule AND hasBenchmarkPreview","Переменную можно редактировать в admin только если у нее есть владелец, правило approval и preview влияния на benchmark cases.","Variable governance reference.","Admin settings, release control.","Нужно утвердить"
"TOBE-LAB-003","Labor","Total Pickup Labor Hours","pickupLaborHours = pickupMinutes / 60 x pickupCrew","Переводит расчетное pickup time в человеко-часы: если 2 человека работают 45 минут, это 1.5 человеко-часа.","Pickup time model, pickup crew.","Pickup payroll cost, stage labor cost, productivity metrics.","Нужно определить формулу"
"TOBE-LAB-004","Labor","Total Delivery Labor Hours","deliveryLaborHours = deliveryMinutes / 60 x deliveryCrew","Переводит delivery time в человеко-часы отдельно от pickup, чтобы видеть реальную трудоемкость delivery stage.","Delivery time model, delivery crew.","Delivery payroll cost, stage labor cost, productivity metrics.","Нужно определить формулу"
"TOBE-LAB-005","Labor","Helper Labor Hours","helperHours = helperCount x max(helperMinutes, minHelperMinutes) / 60","Считает человеко-часы дополнительных helpers с учетом минимального оплачиваемого времени.","Heavy/bulky/access flags, helper count, min helper time.","Helper payroll, access/labor surcharge.","Нужно утвердить"
"TOBE-LAB-006","Labor","Billable vs Paid Labor Hours","laborVariance = billableLaborHours - paidLaborHours","Разделяет customer-billable labor и payroll-paid labor, чтобы видеть маржу на labor и не путать цену с выплатами.","Billable minutes, actual/paid minutes, crew records.","Labor margin, payroll audit, productivity analysis.","Нужны данные"
"TOBE-LAB-007","Labor","Labor Productivity Rate","productivity = totalEffectiveVolume / totalLaborHours","Показывает, сколько cu ft обрабатывается за человеко-час. Нужно для калибровки pickup/delivery time model.","Effective volume, labor hours.","Operations metrics, coefficient calibration.","Нужны данные"
"TOBE-PAY-001","Payroll","Crew Base Pay","crewBasePay = paidLaborHours x hourlyWage","Считает базовую зарплату crew по фактически оплачиваемым человеко-часам и ставке.","Paid labor hours, wage reference.","Payroll cost, fully loaded cost.","Нужен справочник"
"TOBE-PAY-002","Payroll","Crew Overtime Pay","overtimePay = overtimeHours x hourlyWage x overtimeMultiplier","Считает overtime отдельно, чтобы большие/сложные заказы не занижали payroll cost.","Paid hours, overtime threshold, wage reference.","Payroll cost, profitability guardrail.","Нужно утвердить"
"TOBE-PAY-003","Payroll","Payroll Burden","payrollBurden = crewGrossPay x payrollBurdenRate","Добавляет payroll taxes/insurance/benefits burden к зарплате, чтобы margin считался по fully loaded labor cost.","Crew gross pay, payroll burden rate.","Fully loaded labor cost.","Нужно утвердить CFO"
"TOBE-PAY-004","Payroll","Total Crew Cost","totalCrewCost = crewBasePay + overtimePay + payrollBurden + helperPay","Собирает полную cost of labor по заказу или stage.","Crew pay components, helper pay.","Operational cost base, contribution margin.","Нужно утвердить"
"TOBE-PAY-005","Payroll","Stage Labor Cost Allocation","stageLaborCost = laborHoursByStage x fullyLoadedHourlyRate","Распределяет fully loaded labor cost по pickup/interstate/delivery, чтобы маржинальность была видна по stage.","Labor hours by stage, fully loaded hourly rate.","Stage subtotal, stage margin analysis.","Нужно определить формулу"
"TOBE-BRK-001","Broker Payout","Broker Commission Base","brokerCommissionBase = approvedRevenueBase - excludedFees","Определяет базу, от которой считается выплата broker. Некоторые fees могут исключаться.","Final price, service fees, excluded fee list.","Broker commission.","Нужно утвердить CFO"
"TOBE-BRK-002","Broker Payout","Broker Commission","brokerCommission = brokerCommissionBase x brokerCommissionRate","Считает выплату broker как процент от утвержденной базы.","Commission base, broker commission rate.","Broker payout, net margin.","Нужно утвердить CFO"
"TOBE-BRK-003","Broker Payout","Broker Minimum / Cap","brokerPayout = min(max(calculatedCommission, minPayout), maxPayout)","Ограничивает broker payout минимумом/максимумом, чтобы выплаты были предсказуемы.","Calculated commission, payout min/max.","Broker payout, final profitability.","Нужно утвердить CFO"
"TOBE-BRK-004","Broker Payout","Broker Payout Eligibility","eligiblePayout = IF(orderStatus/paymentStatus qualifies, brokerPayout, 0)","Проверяет, когда broker payout должен начисляться: после estimate, invoice, payment, pickup или delivery.","Order status, payment status, payout policy.","Broker payout accrual.","Нужно утвердить"
"TOBE-DSP-001","Dispatcher Payout","Dispatcher Payout Base","dispatcherPayoutBase = ordersHandled x ratePerOrder OR revenueBase x dispatcherRate","Определяет базу для выплаты dispatcher: per order, процент от revenue или гибрид.","Orders handled, revenue base, dispatcher plan.","Dispatcher payout.","Нужно утвердить"
"TOBE-DSP-002","Dispatcher Payout","Dispatcher Payout","dispatcherPayout = dispatcherPayoutBase + bonus - penalty","Считает итоговую выплату dispatcher с бонусами/штрафами, если они применяются.","Dispatcher base, bonus rules, penalty rules.","Payroll/admin payout, profitability.","Нужно определить формулу"
"TOBE-DSP-003","Dispatcher Payout","Dispatcher Stage Allocation","dispatcherStageCost = dispatcherPayout x stageShare","Распределяет dispatcher payout по pickup/interstate/delivery, чтобы stage margin был честным.","Dispatcher payout, stage share rule.","Stage cost and margin.","Нужно утвердить"
"TOBE-COST-001","Cost Base","Direct Operational Cost","directCost = pickupCost + interstateCost + deliveryCost + serviceFees","Собирает прямую себестоимость заказа до overhead, payouts, margin и discounts.","Stage subtotals, service fees.","Fully loaded cost, margin calculation.","Нужно утвердить"
"TOBE-COST-002","Cost Base","Fully Loaded Cost","fullyLoadedCost = directCost + payrollBurden + brokerPayout + dispatcherPayout + overheadAllocation","Считает полную себестоимость заказа для правильной маржинальности.","Direct cost, payroll, payouts, overhead.","Gross/contribution margin, price floor.","Нужно утвердить CFO"
"TOBE-COST-003","Cost Allocation","Item Cost Allocation","itemCostShare = itemEffectiveVolume / totalEffectiveVolume x allocatableCost","Распределяет cost по item для audit/ref price, не как declared value.","Item effective volume, total effective volume, allocatable cost.","Item-level audit, internal allocation.","Нужно определить формулу"
"TOBE-COST-004","Cost Allocation","Stage Cost Allocation","stageCostShare = stageCost / totalCost","Показывает, какая доля себестоимости пришлась на pickup/interstate/delivery.","Stage costs, total cost.","Stage margin dashboard, CEO audit.","Ready for Formula Sprint"
"TOBE-MGN-003","Margin","Gross Margin Dollars","grossMargin = customerRevenue - directOperationalCost","Считает gross margin в долларах до fully loaded payouts/overhead.","Customer revenue, direct cost.","CEO profitability view.","Нужно утвердить CFO"
"TOBE-MGN-004","Margin","Gross Margin Percent","grossMarginPct = grossMargin / customerRevenue","Показывает gross margin в процентах от customer revenue.","Gross margin, customer revenue.","Margin guardrails, reporting.","Нужно утвердить CFO"
"TOBE-MGN-005","Margin","Contribution Margin Dollars","contributionMargin = customerRevenue - fullyLoadedCost","Считает contribution margin после payroll burden, broker/dispatcher payouts и approved overhead.","Customer revenue, fully loaded cost.","Profitability guardrail.","Нужно утвердить CFO"
"TOBE-MGN-006","Margin","Contribution Margin Percent","contributionMarginPct = contributionMargin / customerRevenue","Показывает реальную маржинальность заказа после всех ключевых выплат и cost components.","Contribution margin, customer revenue.","CEO/CFO margin dashboard.","Нужно утвердить CFO"
"TOBE-MGN-007","Margin","Minimum Margin Guardrail","isMarginOk = contributionMarginPct >= minContributionMarginPct","Блокирует или помечает quote, если цена ниже минимальной маржинальности.","Contribution margin pct, minimum margin pct.","Warning/blocker, discount approval.","Нужно утвердить CEO/CFO"
"TOBE-MGN-008","Margin","Price Floor","priceFloor = fullyLoadedCost / (1 - minContributionMarginPct)","Считает минимальную customer price, ниже которой заказ не должен продаваться.","Fully loaded cost, minimum margin pct.","Discount guardrail, final quote check.","Нужно утвердить CFO"
"TOBE-MGN-009","Discount","Maximum Allowed Discount","maxDiscount = rawCustomerPrice - priceFloor","Считает максимальную скидку, которую можно дать без нарушения margin floor.","Raw customer price, price floor.","Discount approval, warning/blocker.","Нужно утвердить CFO"
"TOBE-MGN-010","Discount","Post-Discount Margin Check","postDiscountMarginPct = (discountedPrice - fullyLoadedCost) / discountedPrice","Пересчитывает margin после скидки, чтобы discount не разрушал прибыльность.","Discounted price, fully loaded cost.","Final approval, audit.","Нужно утвердить"
"TOBE-CAP-001","Capacity","Vehicle Space Utilization","vehicleUtilization = totalEffectiveVolume / selectedVehicleCapacity","Показывает, насколько выбранная машина заполнена по operational volume.","Effective volume, selected vehicle capacity.","Vehicle fit, capacity warning, pricing premium.","Нужен справочник"
"TOBE-CAP-002","Capacity","Payload Utilization","payloadUtilization = totalWeight / selectedVehiclePayload","Показывает загрузку vehicle по весу, отдельно от объема.","Total weight, selected vehicle payload.","Vehicle fit, safety/ops warning.","Нужен справочник"
"TOBE-CAP-003","Capacity","Route Capacity Opportunity Cost","capacityOpportunityCost = reservedCapacity x routeCapacityRate","Оценивает стоимость занятой capacity на route, особенно для bulky/moving orders.","Reserved capacity, route capacity rate.","Bulky premium, margin guardrail.","Нужно определить формулу"
"TOBE-CAP-004","Capacity","Bulky Capacity Premium","bulkyCapacityPremium = capacityOpportunityCost x bulkyPremiumMultiplier","Добавляет premium, когда заказ занимает слишком много capacity и мешает consolidated economics.","Capacity opportunity cost, bulky multiplier.","Service fee or route premium.","Нужно утвердить CEO"
"TOBE-REV-001","Revenue","Customer Revenue","customerRevenue = finalCustomerPrice - passThroughExcludedAmounts","Определяет revenue base для margin, commissions and reporting.","Final price, pass-through fees.","Margin, broker payout, reporting.","Нужно утвердить CFO"
"TOBE-REV-002","Revenue","Stage Revenue Allocation","stageRevenue = customerRevenue x stageCost / totalCost","Распределяет revenue по pickup/interstate/delivery пропорционально cost, чтобы видеть stage margin.","Customer revenue, stage cost shares.","Stage margin dashboard.","Нужно определить формулу"
"TOBE-ADJ-001","Adjustments","Approved Manual Override Impact","overrideImpact = approvedOverrideAmount; finalImpact stored with reason and owner","Любой manual override должен иметь reason, owner и audit trail, чтобы не скрывать margin leakage.","Approved override, reason, owner.","Final price, margin audit, change log.","Нужно утвердить governance"
"TOBE-LOC-001","Location / Address Type","Address Type Normalization","normalizedAddressType = MAP(rawAddressType, LocationTypeReference)","Тип точки из UI должен нормализоваться в единый справочник. Это нужно, чтобы House, Apartments, Business, Warehouse и Auction одинаково использовались в pickup и delivery расчетах.","Pickup/delivery addressType from Quote Draft access section; Location / Address Types reference.","Pickup/delivery time model, access effort, crew planning.","Нужно утвердить"
"TOBE-LOC-002","Location / Address Type","Location Type Time Impact","locationTimeMinutes = baseStageMinutes x locationTypeTimeMultiplier + locationTypeFixedMinutes","Тип точки должен увеличивать или уменьшать расчетное время stage. Например, apartment может добавить время доступа, warehouse может снизить handling time, auction может добавить waiting/release time.","Normalized address type; Location / Address Types reference; historical time metrics.","Pickup minutes, delivery minutes, labor hours, fully loaded labor cost.","Нужно утвердить коэффициенты"
"TOBE-LOC-003","Location / Address Type","Location Type Crew Impact","recommendedCrew = baseCrew + locationTypeCrewImpact + accessCrewImpact","Тип точки должен влиять на рекомендуемый crew, если локация требует больше людей или создает ограничения доступа. Это planning input, не скрытая ручная наценка.","Location / Address Types reference; Access Conditions; crew rules.","Vehicle/crew split, labor cost, capacity planning.","Нужно утвердить"
"TOBE-LOC-004","Location / Address Type","Parking / Loading Complexity","accessEffortMinutes = parkingLoadingComplexityMinutes + loadingDockPenalty + waitTimeAllowance","Для точки нужно учитывать не только этаж/лифт, но и парковку, loading dock, building access и ожидание. Эти минуты идут в stage time и стоимость труда.","Location / Address Types reference; Access Conditions; historical time metrics.","Pickup/delivery labor minutes and access risk.","Нужно определить данные"
"TOBE-LOC-005","Location / Address Type","Warehouse Efficiency Adjustment","adjustedHandlingMinutes = handlingMinutes x warehouseEfficiencyFactor","Warehouse/business точка может быть быстрее, если есть dock/loading process. Коэффициент должен быть в справочнике, чтобы не hardcode в формуле.","Location / Address Types reference; loading dock/default access fields.","Pickup/delivery handling time, labor cost.","Нужно утвердить"
"TOBE-LOC-006","Location / Address Type","Auction Handling Adjustment","auctionHandlingCost = auctionHandlingMinutes / 60 x fullyLoadedHourlyRate x crewSize","Auction требует отдельного handling allowance: ожидание, release, документы, ограниченные окна. Без этого калькулятор может недооценивать labor cost.","Location / Address Types reference; payroll/wage rates; historical time metrics.","Pickup/delivery labor cost, margin guardrail.","Нужно определить данные"
"TOBE-LOC-007","Location / Address Type","Location Effort Score","locationEffortScore = accessComplexityMultiplier + parkingComplexityScore + waitRiskScore + locationTypeCrewImpact","Сводный effort score показывает операционную сложность точки. Он не заменяет деньги напрямую, а помогает объяснить, почему выросли time, crew или risk reserve.","Location / Address Types reference; Access Conditions; historical time metrics.","Time model, crew planning, margin guardrail, audit trace.","Нужно определить шкалу"
"TOBE-LOC-008","Location / Address Type","Location Risk Reserve","locationRiskReserve = locationLaborCost x locationRiskReservePct when confidence is low or effortScore exceeds threshold","Если тип точки исторически дает высокий риск ожидания/переработки, модель должна показывать отдельный reserve, чтобы CEO видел источник защиты маржи.","Location effort score; time confidence score; margin variables.","Internal cost base or management fee decision, depending on approval.","Нужно утвердить"
"TOBE-HND-001","Item Handling / Crew Feasibility","Max Single Item Weight","maxSingleItemWeight = MAX(unitItemWeight)","Для решения one-person vs two-person смотрим вес самой тяжелой отдельной единицы, а не item weight x quantity. Quantity считается отдельно через totalPieces и totalWeight.","Quote Draft item rows / Quick Quote catalog transfer; unit item weight per piece.","One-person eligibility, min crew by item, pickup/delivery labor model.","Нужно утвердить"
"TOBE-HND-002","Item Handling / Crew Feasibility","Heaviest Item Weight Class","weightClass = LOOKUP(maxSingleItemWeight, Item Handling Rules weight bands)","Самый тяжелый предмет переводится в weight class: light, standard, heavy, two-person required. Это предотвращает underpricing маленьких по объему, но тяжелых предметов.","Max single item weight; Item Handling / Crew Feasibility Rules reference.","Crew requirement, helper logic, handling score.","Нужно утвердить thresholds"
"TOBE-HND-003","Item Handling / Crew Feasibility","One-Person Eligibility","onePersonEligible = maxSingleItemWeight <= onePersonMaxItemWeightLb AND noHardAccessConstraint AND noOversizedAwkwardItem","Заказ может быть кандидатом на delivery в одного человека, если самый тяжелый предмет не превышает approved threshold и нет ограничений access/oversized/awkward.","Max item weight, access constraints, item flags, Location / Address Types reference.","Delivery crew split, pickup crew split, labor cost.","Нужно утвердить"
"TOBE-HND-004","Item Handling / Crew Feasibility","Minimum Crew By Item","minCrewByItem = MAX(ItemHandlingRules[item].minCrew)","Каждый item может требовать minimum crew. Итоговый crew не может быть ниже максимального требования по любому предмету в заказе.","Item catalog, item handling rules, custom item overrides.","Recommended crew, labor hours, payroll cost.","Нужно определить данные"
"TOBE-HND-005","Item Handling / Crew Feasibility","Large Volume Light Item Exception","largeLightEligible = totalEffectiveVolume > largeLightItemVolumeThresholdCuFt AND maxSingleItemWeight <= onePersonMaxItemWeightLb AND itemHandlingScore < threshold","Большой общий объем сам по себе не должен автоматически означать 2+ crew, если заказ состоит из легких предметов вроде стульев/кресел и каждый предмет доступен для одного человека.","Total effective volume, max single item weight, item handling score, item catalog.","Crew split, labor time model, CEO approval trace.","Нужно утвердить"
"TOBE-HND-006","Item Handling / Crew Feasibility","Item Handling Score","itemHandlingScore = weightScore + sizeScore + awkwardnessScore + fragilityScore + packagingScore + accessInteractionScore","Score объясняет, почему предмет требует больше времени/людей: вес, габарит, неудобная форма, хрупкость, упаковка и взаимодействие с access условиями.","Item rows, item catalog flags, packaging, protection, access/location references.","Minimum handling minutes, crew requirement, risk reserve.","Нужно определить шкалу"
"TOBE-HND-007","Item Handling / Crew Feasibility","Crew Requirement From Items","crewFromItems = IF(onePersonEligible, 1, MAX(minCrewByItem, crewByHandlingScore))","Crew от items считается отдельно от route/location/access. Это защищает от ситуации, когда volume маленький, но предмет требует 2 человек.","One-person eligibility, item min crew, handling score.","Final pickup crew, final delivery crew, labor hours.","Нужно утвердить"
"TOBE-HND-008","Item Handling / Crew Feasibility","Final Stage Crew Requirement","stageCrew = MAX(baseCrew, crewFromItems, crewFromAccess, crewFromLocation, manualCrewOverride)","Итоговый crew для pickup/delivery берется как максимум из item, access, location и manual override. Так ни один риск не затирается другим блоком.","Item handling rules, access conditions, location type, broker/manual override.","Pickup labor hours, delivery labor hours, payroll cost, final price.","Нужно утвердить"
"TOBE-HND-009","Item Handling / Crew Feasibility","Item Minimum Handling Time Floor","stageItemTimeFloor = SUM(itemMinimumHandlingMinutes x quantity x handlingComplexityMultiplier)","Даже если volume небольшой, каждый предмет имеет minimum handling time. Это защищает расчет от занижения labor для тяжелых или неудобных единичных предметов.","Item Handling Rules, item quantity, handling class.","Pickup/delivery time floor, labor cost.","Нужно определить данные"
"TOBE-HND-010","Item Handling / Crew Feasibility","Stage Time Guardrail","stageMinutes = MAX(orderLevelTimeModelMinutes, stageItemTimeFloor)","Финальное время stage не может быть ниже суммы item-level minimum handling time. Order-level volume model и item-level floor работают вместе.","Order time model, item minimum handling floor.","Pickup/delivery labor cost, margin guardrail.","Нужно утвердить"
"TOBE-HND-011","Item Handling / Crew Feasibility","Unit Item Weight","unitItemWeight = item.weight","Фиксирует вес одной физической единицы. Это защищает от ошибки, когда 10 легких предметов по 20 lb превращаются в один фиктивный heavy item 200 lb.","Quote Draft item row / catalog default / broker override.","Max single item weight, heavy piece count, one-person eligibility.","Ready for Formula Sprint"
"TOBE-HND-012","Item Handling / Crew Feasibility","Total Pieces","totalPieces = SUM(item.quantity)","Считает количество мест/единиц в заказе. Piece count влияет на время обработки, но не должен сам создавать heavy item.","Quote Draft item quantities / Quick Quote transfer.","Piece handling minutes, trip/load complexity, UAT trace.","Ready for Formula Sprint"
"TOBE-HND-013","Item Handling / Crew Feasibility","Heavy Piece Count","heavyPieceCount = SUM(IF(unitItemWeight >= heavyPieceWeightThresholdLb, quantity, 0))","Считает, сколько физических единиц являются тяжелыми. Один тяжелый предмет задает crew floor, а несколько тяжелых предметов увеличивают helper active time.","Unit item weight, quantity, Item Handling Rules.","Crew requirement, helper active minutes, stage time floor.","Нужно утвердить threshold"
"TOBE-HND-014","Item Handling / Crew Feasibility","Piece Handling Time","pieceHandlingMinutes = SUM(quantity x minutesPerPieceByHandlingClass)","Каждое место требует минимального времени обработки. Это закрывает кейс 35 легких мест, где общий вес небольшой, но физически много операций.","Item Handling Rules, handling class, item quantity.","Stage item time floor, pickup/delivery labor minutes.","Нужно определить данные"
"TOBE-HND-015","Item Handling / Crew Feasibility","Helper Active Minutes","helperActiveMinutes = SUM(heavyPieceHandlingMinutes + accessHeavyImpactMinutes)","Считает время, когда второй человек действительно нужен для тяжелых/сложных предметов. Это позволяет не умножать весь stage на 2, если helper нужен только на часть работ.","Heavy piece count, item handling minutes, access constraints.","Partial helper labor, payroll cost, margin guardrail.","Нужно утвердить policy"
"TOBE-HND-016","Item Handling / Crew Feasibility","Labor Hours With Partial Helper","laborHours = soloMinutes / 60 + helperActiveMinutes / 60","Разделяет базовое время одного исполнителя и активное время helper. Используется, если бизнес не хочет считать 2 человека на весь stage.","Stage minutes, helper active minutes, helper billing policy.","Stage labor cost, fully loaded labor, price floor.","Нужно утвердить policy"
"TOBE-HND-017","Item Handling / Crew Feasibility","Hard Access Crew Rule","IF heavyItem AND hardAccessConstraint THEN minCrew = 2 OR manualReview = TRUE","Если тяжелый предмет сочетается со stairs/no elevator/long carry/narrow access, система должна поднимать min crew или отправлять заказ на manual review.","Heavy item flags, Access Conditions, Location / Address Types, Physical Access Feasibility Rules.","Final stage crew, access risk, labor cost, approval workflow.","Нужно утвердить"
"TOBE-VEH-002","Vehicle","Vehicle Dimensional Fit","vehicleDimensionalFit = itemLength <= cargoInteriorLengthIn AND itemWidth <= cargoInteriorWidthIn AND itemHeight <= cargoInteriorHeightIn","Проверяет, входит ли самый крупный item в реальные внутренние габариты кузова. Это отдельная проверка от общего volume/payload.","Item dimensions; Vehicle Dimensions / Cargo Body Specs reference.","Vehicle selection, manual review, box truck recommendation.","Нужен справочник"
"TOBE-VEH-003","Vehicle","Door Opening Fit","doorOpeningFit = itemWidth <= doorOpeningWidthIn AND itemHeight <= doorOpeningHeightIn","Даже если item помещается внутри кузова, он может не пройти через задний/боковой проем. Это должно давать warning/manual review.","Item dimensions; vehicle door opening dimensions.","Physical feasibility, manual review, vehicle upgrade.","Нужен справочник"
"TOBE-VEH-004","Vehicle","Selected Vehicle Height Check","selectedVehicleHeightExceeded = itemHeight > selectedVehicle.cargoInteriorHeightIn","Проверяет не абстрактный threshold, а фактическую высоту кузова выбранной в заявке машины. Если item выше кузова выбранной машины, нужен review и подбор vehicle с более высоким кузовом.","Item height from Quote Draft item row / catalog; selected vehicle cargoInteriorHeightIn from Vehicle Dimensions / Cargo Body Specs.","Vehicle revision, side transport review, box truck recommendation, snapshot warning.","Ready for Formula Sprint"
"TOBE-VEH-005","Vehicle","Side Transport Review","sideTransportReview = selectedVehicleHeightExceeded AND sideTransportAllowed IS NOT TRUE","Если item не входит по высоте в выбранную машину, нельзя автоматически считать, что его повезут на боку. Если side transport не подтвержден, заказ требует review.","Selected vehicle height check, item handling rules, packaging/protection, broker/ops approval.","Manual review, protection/packaging risk, vehicle requirement.","Нужно утвердить policy"
"TOBE-VEH-006","Vehicle","Higher Body Vehicle / Box Truck Recommended","higherBodyVehicleRecommended = selectedVehicleHeightExceeded AND sideTransportAllowed = FALSE","Если item выше кузова выбранной машины и перевозка на боку не подтверждена, система должна предложить пересмотреть выбранный truck на машину с более высоким кузовом, включая Box Truck если он подходит.","Selected vehicle height check, side transport approval, Vehicle Dimensions reference.","Vehicle selection, quote warning, route cost, final price.","Нужно утвердить"
"TOBE-VEH-007","Vehicle","Vehicle Equipment Requirement","equipmentRequired = rampRequired OR liftGateRequired OR tieDownRequired; vehicleEligible = vehicle has required equipment","Для некоторых oversized/tall/heavy items нужен ramp, liftgate или tie-down. Vehicle fit должен проверять не только размеры, но и оборудование.","Item handling rules; vehicle equipment fields.","Vehicle eligibility, labor time, manual review.","Нужно определить данные"
"TOBE-VEH-008","Vehicle","Final Vehicle Eligibility","vehicleEligible = volumeFit AND payloadFit AND vehicleDimensionalFit AND doorOpeningFit AND equipmentFit","Финальная пригодность машины должна учитывать volume, weight, реальные габариты кузова, дверной проем и оборудование.","Vehicle fit formulas, item dimensions, vehicle dimensions/equipment reference.","Selected vehicle, manual review, cost base.","Ready for Formula Sprint"
"TOBE-CAP-005","Capacity / Density","Shipment Density","shipmentDensityLbPerCuFt = totalWeightLb / MAX(totalEffectiveVolumeCuFt, 1)","Показывает, насколько заказ тяжелый относительно занимаемого объема. Нужен, чтобы отличать легкий объемный заказ от тяжелого компактного заказа.","Total weight из item rows; total effective volume из item calculation.","Capacity constraint, vehicle fit, interstate pricing.","Нужно утвердить"
"TOBE-CAP-006","Capacity / Density","Vehicle Density Capacity","vehicleDensityCapacityLbPerCuFt = selectedVehiclePayloadLb / selectedVehicleCargoVolumeCuFt","Показывает среднюю плотность груза, которую выбранный транспорт может безопасно везти при полной загрузке по объему и весу.","Vehicle body specs reference: payload, cargo volume.","Density comparison, limiting factor selection.","Нужен справочник"
"TOBE-CAP-007","Capacity / Density","Capacity Constraint Type","IF payloadUtilization > vehicleUtilization THEN Weight-limited ELSE Volume-limited","Определяет, что именно ограничивает заказ: вес или объем. Для подушек обычно volume-limited, для мрамора weight-limited.","Payload utilization and volume utilization.","Pricing explanation, warning rules, route capacity pricing.","Нужно утвердить"
"TOBE-CAP-008","Capacity / Density","Limiting Capacity Factor","limitingCapacityFactor = MAX(vehicleUtilization, payloadUtilization)","Для pricing берется больший процент загрузки: если объем занят на 30%, а вес на 70%, стоимость capacity должна считаться от 70%.","Vehicle utilization and payload utilization.","Interstate capacity cost, bulky premium, margin guardrail.","Нужно утвердить"
"TOBE-CAP-009","Capacity / Density","Interstate Capacity Cost","interstateCapacityCost = fullRouteCapacityCost * limitingCapacityFactor","Считает долю стоимости interstate truck/route, которую занимает заказ, с учетом и объема, и веса.","Route cost reference, selected interstate vehicle, limiting capacity factor.","Interstate subtotal, final cost base.","Нужно определить формулу"
"TOBE-CAP-010","Capacity / Density","Legacy Dual Cost Guardrail","interstateCapacityCost = MAX(totalEffectiveVolume * costPerCuFt, totalWeight * costPerLb)","Альтернативный guardrail из старой логики: считаем цену по объему и по весу, затем берем большее значение, чтобы не недооценить тяжелые компактные заказы.","Cost per cubic foot and cost per pound variables/reference.","Interstate subtotal or margin guardrail.","Нужно выбрать метод"
"TOBE-CAP-011","Capacity / Density","Capacity Overflow Flag","capacityOverflowFlag = vehicleUtilization > 1 OR payloadUtilization > 1","Ставит красный флаг, если заказ не помещается в выбранный транспорт по объему или payload.","Vehicle utilization, payload utilization.","Warnings, vehicle recommendation, quote approval.","Обязательное правило"
"TOBE-TIME-011","Time / Labor","Historical Time Calibration","timeCoefficient = calibrated from measured historical stop/stage time","Коэффициенты времени должны опираться на реальные замеры заказов, а не на догадку. В транскрибе обсуждалась база около 100 заказов.","Historical Time Metrics reference.","Pickup/delivery/loading/unloading time model.","Нужен data source"
"TOBE-TIME-012","Time / Labor","Pickup Loading Minutes","pickupLoadingMinutes = loadingFormula(totalEffectiveVolume) + weightHandlingMinutes + accessTimeImpact","Считает время погрузки на pickup с учетом объема, веса и условий доступа.","Item volume/weight, loading variables, access conditions.","Pickup labor cost, crew paid minutes.","Нужно утвердить"
"TOBE-TIME-013","Time / Labor","Delivery Unloading Minutes","deliveryUnloadingMinutes = pickupLoadingMinutes * unloadingTimeCoefficient","Delivery обычно быстрее pickup, поэтому unloading coefficient должен быть отдельной переменной, а не скрытой константой.","Pickup loading minutes; unloading coefficient variable.","Delivery labor cost, delivery subtotal.","Нужно утвердить"
"TOBE-TIME-014","Time / Labor","Helper Paid Minutes","helperPaidMinutes = MAX(helperActiveMinutes, helperMinimumBillableMinutes)","Если нужен helper, оплачиваемое время не должно быть меньше минимального порога, даже если активная работа заняла меньше.","Helper active minutes, helper minimum billable minutes.","Payroll, margin, final price.","Нужно утвердить"
"TOBE-TIME-015","Time / Labor","Fully Loaded Labor Cost","fullyLoadedLaborCost = SUM(rolePaidHours * fullyLoadedHourlyRateByRole)","Считает реальную себестоимость труда, включая ставку, налоги/overhead/прочие нагрузки, а не только выплату человеку.","Payroll roles/wage rates reference.","Direct cost base, margin calculation.","Нужно определить формулу"
"TOBE-ACC-006","Access Conditions","Billable Floors","billableFloors = MAX(addressFloor - freeFloorCount, 0)","Считает только платные этажи. Если первые этажи бесплатны, fee начинается после утвержденного free floor threshold.","Address access conditions; free floor count variable.","Stairs fee, access time impact.","Нужно утвердить"
"TOBE-ACC-007","Access Conditions","Stairs Fee","stairsFee = billableFloors * stairsFeePerBillableFloor * stairsItemOrOrderMultiplier","Считает fee за лестницу только по billable floors. Множитель нужен, если fee зависит от заказа, item count или heavy items.","Billable floors, stairs fee variable, item/order multiplier.","Pickup/delivery access subtotal.","Нужно утвердить"
"TOBE-ACC-008","Access Conditions","Extra Labor Cost","extraLaborCost = extraLaborPeople * MAX(extraLaborHours, extraLaborMinimumHours) * extraLaborHourlyRate","Если вручную добавлен extra labor, расчет должен учитывать minimum hours и ставку, чтобы не терять маржу на коротких работах.","Quote options; labor variables.","Access/service subtotal, payroll, margin.","Нужно утвердить"
"TOBE-WARN-001","Warnings / Approval","Warning Rule Evaluation","warningActive = ruleCondition = TRUE","Каждое риск-условие должно превращаться в понятный warning: что случилось, почему важно, блокирует ли quote и кто должен approve.","Warning rules reference; formula outputs.","Broker UI, admin breakdown, approval workflow.","Обязательное правило"
"TOBE-WARN-002","Warnings / Approval","Vehicle Fit Warning","vehicleFitWarning = selectedVehicleHeightExceeded OR widthExceeded OR lengthExceeded OR payloadUtilization > 1 OR vehicleUtilization > 1","Показывает, что выбранная машина физически или по payload не подходит заказу.","Vehicle body specs; item dimensions; utilization outputs.","Quote warnings, vehicle recommendation, manager approval.","Обязательное правило"
"TOBE-WARN-003","Warnings / Approval","Crew Review Warning","crewReviewWarning = maxSingleItemWeight > heavyItemThreshold OR requiredCrewSize > standardCrewSize","Ставит red flag, когда заказ нельзя надежно делать стандартной командой.","Item handling rules; max unit weight; required crew.","Broker warning, manager approval, labor cost.","Нужно утвердить"
"TOBE-WARN-004","Warnings / Approval","Quote Can Save","quoteCanSave = noBlockingWarnings OR allRequiredApprovalsCompleted","Определяет, можно ли сохранить/отправить estimate, если есть red flags.","Warning rules, approval status.","Estimate workflow, snapshot.","Нужно определить продуктово"
"TOBE-MRG-011","Margin / Compensation","Contribution Margin","contributionMargin = finalCustomerPrice - directCost - payrollCost - brokerPayout - dispatcherPayout - allocatedOverhead","Показывает реальную прибыльность заказа после прямых расходов, выплат и распределенного overhead.","Final price, direct costs, payroll, compensation references.","Margin guardrail, CEO reporting.","Нужно утвердить CFO/CEO"
"TOBE-MRG-012","Margin / Compensation","Discount Order Guardrail","discountedPrice = applyDiscountAfterOrBeforeMargin(priceBase, discountRule)","Фиксирует, на каком этапе применяется discount, чтобы скидка не уничтожала margin незаметно.","Discount rule, margin rule, price build order.","Final customer price, margin guardrail.","Нужно выбрать порядок"
"TOBE-MRG-013","Margin / Compensation","Broker Payout","brokerPayout = payoutBase * brokerCommissionRate OR fixedBrokerFee","Считает выплату брокеру по утвержденному плану: процент, fixed fee или гибрид.","Broker compensation plan reference; order source/channel.","Contribution margin, payroll/payout reporting.","Нужно утвердить"
"TOBE-MRG-014","Margin / Compensation","Dispatcher Payout","dispatcherPayout = dispatcherPlan(order, route, stage, revenue, KPI)","Считает выплату диспетчеру по утвержденной модели: fixed/order, per route, KPI или процент.","Dispatcher compensation plan reference.","Contribution margin, payout reporting.","Нужно определить формулу"
"TOBE-RTE-011","Route / ZIP Governance","Manual ZIP Override","effectiveZone = manualOverrideZone IF approved ELSE zipDictionaryZone","Позволяет вручную добавить/исключить ZIP или изменить зону без переписывания логики калькулятора.","ZIP dictionary; manual override approval.","Route classification, fees, warnings.","Нужно утвердить"
"TOBE-RTE-012","Route / ZIP Governance","Corridor / Remote Multiplier","routeZonePremium = baseRouteCost * zoneMultiplier OR fixedZoneFee","Отдельно учитывает corridor/remote pricing, чтобы удаленные или неудобные направления не продавались по средней цене.","Service area and ZIP dictionary zone class.","Route subtotal, margin guardrail.","Нужно утвердить"
"TOBE-SNAP-002","Snapshot Compatibility","Variable Snapshot","variablesSnapshot = all variable IDs + values + version + effective date used in quote","Сохраняет именно те значения переменных, по которым был рассчитан estimate, чтобы старый estimate не менялся после изменения настроек.","Pricing variable store at calculation time.","Estimate snapshot, audit, admin breakdown.","Обязательное правило"
"TOBE-SNAP-003","Snapshot Compatibility","Reference Snapshot","referencesSnapshot = reference versions used in quote","Фиксирует версии справочников: vehicles, ZIP, rates, plans, labor, чтобы расчет был воспроизводим.","Reference version registry.","Estimate snapshot, audit.","Обязательное правило"
"INT-CAP-001-DENSITY-THRESHOLD","Interstate Capacity Logic","Density Threshold","densityThresholdLbPerCuFt = vehiclePayloadLb / vehicleCapacityCuFt","Порог плотности выбранного interstate vehicle. Если shipment density выше этого значения, заказ быстрее упирается в вес, чем в объем. Значение 5.33 для 8000 lb / 1500 cu ft является примером расчета, а не hardcoded constant.","Vehicle Reference / Vehicle Body Specs: payloadLb, capacityCuFt.","Shipment density comparison, interstate cost basis, warning engine.","Needs Business Approval / Ready for Formula Sprint"
"INT-CAP-002-VOLUME-UTILIZATION","Interstate Capacity Logic","Volume Utilization","volumeUtilization = effectiveVolumeCuFt / vehicleCapacityCuFt","Показывает, какую долю объема interstate truck занимает заказ.","Effective volume from item calculations; vehicle capacity from vehicle reference.","Capacity constraint selector, interstate cost basis, volume fit warning.","Ready for Formula Sprint"
"INT-CAP-003-PAYLOAD-UTILIZATION","Interstate Capacity Logic","Payload Utilization","payloadUtilization = totalWeightLb / vehiclePayloadLb","Показывает, какую долю payload выбранного interstate truck занимает заказ.","Total weight from item rows; vehicle payload from vehicle reference.","Capacity constraint selector, interstate cost basis, payload fit warning.","Ready for Formula Sprint"
"INT-CAP-004-CAPACITY-CONSTRAINT-SELECTOR","Interstate Capacity Logic","Capacity Constraint Selector","capacityConstraint = IF(payloadUtilization > volumeUtilization, Weight-limited, Volume-limited)","Выбирает, чем ограничен заказ: весом или объемом. Это объясняет разницу между pillows и marble countertop.","Volume utilization and payload utilization.","Pricing trace, warning engine, interstate pricing basis.","Needs Business Approval"
"INT-CAP-005-INTERSTATE-COST-BASIS","Interstate Capacity Logic","Interstate Cost Basis","interstateCostBasis = MAX(volumeUtilization, payloadUtilization)","Для interstate pricing берется больший utilization. Если объем 30%, а payload 70%, cost basis = 70%.","Volume utilization and payload utilization.","Interstate capacity cost, route subtotal, margin guardrail.","Needs Business Approval"
"INT-CAP-006-VOLUME-LIMITED-LOAD","Interstate Capacity Logic","Volume Limited Load","volumeLimitedLoad = volumeUtilization >= payloadUtilization","Флаг, что заказ ограничен объемом. Пример: 1000 pillows занимают кузов, но почти не используют payload.","Volume utilization and payload utilization.","Interstate trace, warning engine, route capacity economics.","Ready for Formula Sprint"
"INT-CAP-007-WEIGHT-LIMITED-LOAD","Interstate Capacity Logic","Weight Limited Load","weightLimitedLoad = payloadUtilization > volumeUtilization","Флаг, что заказ ограничен весом. Пример: marble countertops могут перегрузить payload при пустом кузове.","Volume utilization and payload utilization.","Interstate trace, warning engine, route capacity economics.","Ready for Formula Sprint"
"LAB-TIME-001-VOLUME-BASED-HANDLING-TIME","Labor Time Architecture","Volume Based Handling Time","volumeHandlingMinutes = effectiveVolumeCuFt * minutesPerCuFt","Считает labor time по объему. Используется как один из двух сценариев, но не суммируется с weight time.","Effective volume from item calculations; minutesPerCuFt variable.","Handling time selector.","Needs Business Approval / Needs Data"
"LAB-TIME-002-WEIGHT-BASED-HANDLING-TIME","Labor Time Architecture","Weight Based Handling Time","weightHandlingMinutes = totalWeightLb * minutesPerLb","Считает labor time по весу. Используется как второй сценарий, чтобы тяжелые компактные заказы не были недооценены.","Total weight from item rows; minutesPerLb variable.","Handling time selector.","Needs Business Approval / Needs Data"
"LAB-TIME-003-HANDLING-TIME-SELECTOR","Labor Time Architecture","Handling Time Selector","baseHandlingMinutes = MAX(volumeHandlingMinutes, weightHandlingMinutes)","Ключевое правило из meeting: не суммировать volume time и weight time, а брать большее значение, чтобы избежать double-counting.","Volume handling minutes and weight handling minutes.","Pickup/delivery split, labor cost, trace.","Ready for Formula Sprint after approval"
"LAB-TIME-004-PICKUP-DELIVERY-TIME-SPLIT","Labor Time Architecture","Pickup / Delivery Time Split","pickupHandlingMinutes = baseHandlingMinutes * pickupTimeMultiplier; deliveryHandlingMinutes = baseHandlingMinutes * deliveryTimeMultiplier","Pickup и delivery должны иметь разные коэффициенты. Delivery обычно быстрее pickup, но оба коэффициента должны быть variables.","Base handling minutes; pickup/delivery time multiplier variables.","Pickup subtotal, delivery subtotal, payroll, margin.","Needs Business Approval / Needs Data"
"LAB-TIME-005-MINIMUM-HANDLING-TIME","Labor Time Architecture","Minimum Handling Time","handlingMinutes = MAX(calculatedHandlingMinutes, minimumHandlingMinutes)","Не позволяет коротким заказам падать ниже минимального операционного времени.","Calculated handling minutes; minimumHandlingMinutes variable.","Labor cost, stage subtotal, margin guardrail.","Needs Business Approval"
"LAB-TIME-006-PICKUP-TIME-COEFFICIENT","Labor Time Architecture","Pickup Time Coefficient","pickupHandlingMinutes = baseHandlingMinutes * pickupTimeMultiplier","Отдельный коэффициент pickup отражает check-in, упаковку, подготовку и более долгую операцию на pickup.","Base handling minutes; pickupTimeMultiplier variable; historical time metrics.","Pickup labor cost and pickup subtotal.","Needs Data / Needs Business Approval"
"LAB-TIME-007-DELIVERY-TIME-COEFFICIENT","Labor Time Architecture","Delivery Time Coefficient","deliveryHandlingMinutes = baseHandlingMinutes * deliveryTimeMultiplier","Отдельный коэффициент delivery отражает, что unloading обычно быстрее loading/pickup.","Base handling minutes; deliveryTimeMultiplier variable; historical time metrics.","Delivery labor cost and delivery subtotal.","Needs Data / Needs Business Approval"
"FIT-001-DIMENSIONAL-FIT","Vehicle Fit / Capacity Fit","Dimensional Fit","dimensionalFit = maxItemLength <= vehicleInteriorLength AND maxItemWidth <= vehicleInteriorWidth AND maxItemHeight <= vehicleInteriorHeight","Проверяет, входит ли самый крупный item в реальные внутренние габариты выбранного vehicle.","Item max dimensions; Vehicle Body Specs reference.","Vehicle fit, warning engine, recommended vehicle change.","Ready for Formula Sprint"
"FIT-002-CAPACITY-FIT-BY-VOLUME","Vehicle Fit / Capacity Fit","Capacity Fit By Volume","volumeFit = effectiveVolumeCuFt <= vehicleCapacityCuFt","Проверяет, помещается ли заказ в выбранный vehicle по total effective volume.","Effective volume; vehicle capacity.","Vehicle fit, warning engine, vehicle recommendation.","Ready for Formula Sprint"
"FIT-003-CAPACITY-FIT-BY-WEIGHT","Vehicle Fit / Capacity Fit","Capacity Fit By Weight","weightFit = totalWeightLb <= vehiclePayloadLb","Проверяет, помещается ли заказ в выбранный vehicle по payload.","Total weight; vehicle payload.","Vehicle fit, warning engine, vehicle recommendation.","Ready for Formula Sprint"
"FIT-004-FIT-FAILURE-WARNING","Vehicle Fit / Capacity Fit","Fit Failure Warning","vehicleFit = dimensionalFit AND volumeFit AND weightFit; IF vehicleFit = FALSE THEN warning","Если хотя бы одна fit-проверка не проходит, заказ должен получить warning и review/recommendation.","Dimensional fit, volume fit, weight fit.","Warning engine, quote save logic, manager approval.","Needs Business Approval"
"FIT-005-RECOMMENDED-VEHICLE-CHANGE","Vehicle Fit / Capacity Fit","Recommended Vehicle Change","recommendedVehicle = smallest approved vehicle where dimensionalFit AND volumeFit AND weightFit","Если выбранный vehicle не подходит, система должна предложить минимальный следующий vehicle, который закрывает габариты, объем и payload.","Vehicle Body Specs reference; fit outputs.","Broker/admin recommendation, warnings, pricing recalculation.","Needs Data Source / Needs Formula Definition"
"WARN-001-HEAVY-ITEM","WARNING_ENGINE","Heavy Item Warning","warningActive = maxItemWeightLb > heavyItemThresholdLb","Red flag для тяжелого единичного предмета. Влияет на helper, crew, time и manager review.","Max single item weight; heavy item threshold variable.","Warning list, crew logic, approval workflow.","Needs Business Approval"
"WARN-002-BULKY-ORDER","WARNING_ENGINE","Bulky Order Warning","warningActive = totalEffectiveVolumeCuFt > bulkyVolumeThresholdCuFt","Red flag для bulky/moving-like заказа, который занимает значительную capacity.","Total effective volume; bulky volume threshold variable.","Warning list, capacity premium, route capacity pricing.","Needs Business Approval"
"WARN-003-ITEM-DOES-NOT-FIT-VEHICLE","WARNING_ENGINE","Item Does Not Fit Vehicle","warningActive = dimensionalFit = FALSE OR volumeFit = FALSE OR weightFit = FALSE","Предупреждение, что выбранный vehicle не подходит по габаритам, объему или весу.","FIT-001/FIT-002/FIT-003 outputs.","Quote blocking, vehicle recommendation, manager approval.","Ready for Formula Sprint"
"WARN-004-MORE-THAN-2-PEOPLE","WARNING_ENGINE","More Than 2 People Required","warningActive = requiredCrewSize > 2","Предупреждение, что заказ требует больше стандартной команды.","Crew calculation, item handling rules, access conditions.","Labor cost, approval workflow, broker warning.","Needs Business Approval"
"WARN-005-OUT-OF-ZONE","WARNING_ENGINE","Out Of Zone Warning","warningActive = zoneClass = outOfZone OR ZIP not supported","Предупреждение для ZIP/route вне стандартной зоны.","ZIP dictionary, service areas, manual override register.","Route pricing, approval workflow, quote save logic.","Needs Data Source"
"WARN-006-DIRECT-SERVICE-REVIEW","WARNING_ENGINE","Direct Service Review","warningActive = directFlag = TRUE OR specificDateFlag = TRUE","Direct/specific-date service ломает consolidated route economics и требует отдельной fee/distance логики.","Quote service flags, route type.","Direct fee, route recalculation, approval workflow.","Needs Business Approval"
"WARN-007-MANAGER-APPROVAL-REQUIRED","WARNING_ENGINE","Manager Approval Required","managerApprovalRequired = anyBlockingWarning OR approvalRuleTriggered","Общий флаг, что quote нельзя считать финальным без manager approval.","Warning engine outputs, approval rules reference.","Quote can save, snapshot, audit trail.","Needs Business Approval"
